CarrierCode,AgentCode,PolicyNumber,ClaimNumber,LossDate,ReportDate,ClaimStatus,CauseOfLoss,LossLocation,PaidLossAmount,PaidExpenseAmount,ReserveLossAmount,ReserveExpenseAmount,CloseDate,ReopenDate,AdjusterContact
PRGS,120072,KWA1861900,2025-000001,2025-04-01,2025-04-01,Closed,Comprehensive Theft,"777 Lawrence Crescent, Castrostad, SC 64057",2524.53,430.17,0.0,0.0,2025-05-24,,"A. Ruiz, 001-990-872-5308x09173"
ALLS,120092,GJX1158895,2025-000002,2025-04-01,2025-04-02,Closed,Collision,"732 Ford Glen, Hamiltonberg, ND 62171",280.9,82.57,0.0,0.0,2025-06-20,,"L. Brady, 788-967-1323x02086"
HART,120056,USC1734693,2025-000003,2025-04-06,2025-04-07,Open,Glass,"8650 Whitney Walk Suite 019, Cindyton, ND 84266",603.98,215.41,972.95,112.34,,,"E. Garcia, +1-788-420-9336"
TRAV,120046,CLD8519277,2025-000004,2025-04-06,2025-04-08,Closed,Water (non-flood),"9955 Brenda Mall, Hamiltonmouth, DC 08547",7735.49,1290.35,0.0,0.0,2025-06-28,,"P. Beasley, +1-424-853-1500"
PRGS,120178,KFM1433169,2025-000005,2025-04-06,2025-04-08,Closed,Weather,"5585 Katelyn Highway, Martinezchester, DE 55493",3599.82,593.07,0.0,0.0,2025-05-23,,"M. Griffin, (494)213-9968x6039"
TRAV,120242,MWS4875914,2025-000006,2025-04-07,2025-04-07,Open,Water,"8556 Kathleen Roads Apt. 646, Jenniferville, AK 99716",4234.8,2110.67,8714.18,610.91,,,"B. Cox, (853)916-7396x149"
LIBM,120078,HAE5580723,2025-000007,2025-04-07,2025-04-08,Closed,Fire,"118 Joseph Junction Suite 340, North Daniel, NC 66546",14645.38,3597.99,0.0,0.0,2025-06-23,,"K. Smith, (392)230-7730"
ALLS,120151,SYG2500631,2025-000008,2025-04-08,2025-04-08,Closed,Strain/Sprain,"84270 Yvonne Stream, Alvarezmouth, DC 17664",68710.89,11336.96,0.0,0.0,2025-05-19,,"T. Powers, 001-978-702-0082"
TRAV,120246,RCY5789683,2025-000009,2025-04-10,2025-04-10,Closed,Weather,"9919 Smith Trail, South Angelabury, VI 81796",693.56,89.36,0.0,0.0,2025-05-26,,"P. Herrera, 476.980.9295x6037"
TRAV,120204,EXJ0813092,2025-000010,2025-04-12,2025-04-12,Open,Excess GL,"61381 Jessica Lodge Apt. 601, Port Matthewburgh, MT 23129",26627.56,12806.71,45711.62,5138.49,,,"C. Owens, 248-852-6911"
TRAV,120133,ZSV1455708,2025-000011,2025-04-13,2025-04-18,Closed,Glass,"84488 Cooper Motorway Suite 678, Gracechester, MT 94189",1772.69,433.23,0.0,0.0,2025-07-20,,"E. Price, 001-221-432-5799x66230"
NATI,120267,RLS8394673,2025-000012,2025-04-15,2025-04-16,Closed,GL Prem/Ops,"234 Spencer View Suite 864, Heathhaven, NM 70269",5432.25,776.84,0.0,0.0,2025-06-01,,"R. Johnson, 663.736.8097"
ALLS,120005,HYA5282421,2025-000013,2025-04-16,2025-04-17,Closed,Water (non-flood),"292 Hughes Run, Jeffersonstad, MO 84994",4628.52,1561.95,0.0,0.0,2025-06-30,,"D. Bauer, (339)956-5471"
PRGS,120119,DHS2641000,2025-000014,2025-04-17,2025-04-19,Closed,Glass,"68616 Michael Lights Suite 245, Lake Danielleside, AK 71462",938.14,203.66,0.0,0.0,2025-06-14,,"M. West, 379.825.8601x707"
CHUB,120291,TWP6673449,2025-000015,2025-04-17,2025-04-17,Closed,Wind/Hail,"7639 Sosa Trail Apt. 598, Robinsonstad, FM 17616",13407.73,2144.0,0.0,0.0,2025-05-25,,"A. Pope, (240)256-0541"
NATI,120264,PZY4147719,2025-000016,2025-04-18,2025-04-20,Open,Comprehensive Theft,"4167 Mary View, Steelemouth, OK 06245",290.88,71.15,850.08,46.53,,,"M. Holland, +1-283-472-9297x02412"
AMFA,120214,FPG7258879,2025-000017,2025-04-18,2025-04-18,Closed,Liability BI/PD,"4799 Teresa Flats Suite 615, Jasonburgh, WA 49394",1396.22,218.32,0.0,0.0,2025-06-13,,"V. Perez, 669.463.9332x4143"
LIBM,120196,GBE9879779,2025-000018,2025-04-19,2025-04-24,Closed,Collision,"54509 Anthony Radial Apt. 531, New Cheryltown, RI 97405",4590.48,919.84,0.0,0.0,2025-05-18,,"A. Robinson, 462.586.7749"
FARM,120132,UEW3265197,2025-000019,2025-04-19,2025-04-19,Closed,Excess HO,"6062 Holly Green, Jonesbury, DE 68928",14924.69,4270.22,0.0,0.0,2025-05-14,,"R. Ruiz, +1-305-371-2904"
GEIC,120177,KGR9492691,2025-000020,2025-04-21,2025-04-21,Closed,Collision,"56086 Hunt Unions Apt. 538, East Chaseport, NH 54544",1181.77,59.09,0.0,0.0,2025-05-28,,"A. Baker, 489-449-3663x08049"
AMFA,120165,NGN7545498,2025-000021,2025-04-21,2025-04-23,Closed,Collision,"81479 Arthur Roads, New Tonyaside, LA 18317",6357.3,825.73,0.0,0.0,2025-06-11,,"L. Chapman, 928.404.0081"
NATI,120298,FYN2721719,2025-000022,2025-04-21,2025-04-21,Closed,Fire,"9460 Calvin Bridge Suite 614, Lisaton, NE 10202",7319.55,1435.71,0.0,0.0,2025-05-23,,"S. Murphy, 961-582-9992x02267"
TRAV,120044,RRY3678497,2025-000023,2025-04-21,2025-04-21,Open,GL Prem/Ops,"4076 Richard Radial Apt. 199, Jessicashire, KS 80717",30081.68,14591.72,60511.84,5251.51,,,"M. Gordon, 001-751-522-9012x68187"
GEIC,120120,EKM2564777,2025-000024,2025-04-22,2025-04-22,Closed,Water (non-flood),"7028 Timothy Circle, Lake Connor, MH 15484",1908.97,584.72,0.0,0.0,2025-06-09,,"T. Holloway, 001-421-504-0006x0876"
GEIC,120041,PNW1954948,2025-000025,2025-04-23,2025-04-23,Reopened,Liability,"7719 Nguyen Run, East Donna, CO 74723",6416.98,2664.91,9290.92,1728.78,2025-05-27,2025-06-07,"D. Long, 598.736.2414"
ALLS,120223,EPE3934904,2025-000026,2025-04-24,2025-04-24,Closed,Comprehensive Theft,"514 Jeffrey Freeway Apt. 600, East Linda, VT 95775",6582.94,1124.07,0.0,0.0,2025-06-01,,"H. Ortega, 001-944-400-7430"
LIBM,120138,JEH8744649,2025-000027,2025-04-27,2025-04-28,Closed,Collision,"5250 Clark Circle, Kennethfurt, MH 43252",2701.98,327.66,0.0,0.0,2025-05-05,,"B. Pierce, +1-420-427-2469"
LIBM,120175,KWN0368975,2025-000028,2025-04-29,2025-04-29,Closed,Water (non-flood),"720 Timothy Creek, Brandonview, AR 81520",2859.62,499.51,0.0,0.0,2025-05-06,,"A. Griffith, 001-481-849-6673"
NATI,120080,WUR2540426,2025-000029,2025-05-03,2025-05-03,Open,Glass,"10507 Sandra Via Apt. 400, North Kristenborough, GU 79794",1454.07,181.61,1172.61,56.69,,,"A. Thomas, 8154301095"
ALLS,120079,SBJ5420655,2025-000030,2025-05-03,2025-05-03,Open,Collision,"6897 Martin Court, Hoborough, MI 27332",408.34,181.81,871.44,92.1,,,"J. Hensley, +1-863-966-9782x961"
LIBM,120221,GYZ3810340,2025-000031,2025-05-05,2025-05-06,Closed,Glass,"46777 Brian Lane, New Ryanborough, DC 69051",11351.33,901.94,0.0,0.0,2025-07-30,,"K. Livingston, (565)987-5775"
GEIC,120163,UWN6367879,2025-000032,2025-05-05,2025-05-08,Closed,Fire,"4063 Marcus View, Tuckerstad, IN 89468",9685.62,1554.44,0.0,0.0,2025-08-05,,"N. Flynn, (706)520-3866x78940"
NATI,120065,AZL8403094,2025-000033,2025-05-09,2025-05-11,Closed,Glass,"6129 Hanson Mountain Suite 650, South Garrett, WI 12914",3257.11,769.46,0.0,0.0,2025-05-18,,"L. Rowe, 682-520-8270x536"
LIBM,120105,XTN9527131,2025-000034,2025-05-09,2025-05-09,Closed,Wind/Hail,"83188 Martinez Lakes, Coletown, OH 45823",2812.59,153.02,0.0,0.0,2025-06-23,,"C. Vega, 257-261-4447"
FARM,120257,SHZ1849605,2025-000035,2025-05-10,2025-05-10,Closed,Liability,"483 Davis Heights, East Ryan, ND 52740",22105.71,2586.14,0.0,0.0,2025-07-07,,"K. Johnson, (610)831-5943"
PRGS,120184,TFS2762526,2025-000036,2025-05-10,2025-05-12,Closed,Comprehensive Theft,"91666 Allen Village Suite 274, Donnachester, IN 33218",707.83,199.51,0.0,0.0,2025-07-20,,"C. Brown, (329)323-6584x315"
PRGS,120181,LMS0014178,2025-000037,2025-05-11,2025-05-11,Open,Liability BI/PD,"8525 Mendoza Fords Suite 273, Port Timothytown, MH 55346",511.05,86.37,737.25,83.21,,,"T. Ward, 001-813-394-2056x952"
CHUB,120237,ZPT4574386,2025-000038,2025-05-12,2025-05-14,Closed,Liability BI/PD,"8642 Faulkner Ranch Suite 839, Valerieport, AS 35161",1396.7,69.84,0.0,0.0,2025-06-22,,"A. Wong, 771.830.1047"
AMFA,120191,UNP4716631,2025-000039,2025-05-13,2025-05-14,Closed,Collision,"6358 Erickson Land, Longstad, NC 91138",3258.62,480.96,0.0,0.0,2025-06-10,,"C. Thompson, 6366525258"
ALLS,120101,KJH3322899,2025-000040,2025-05-14,2025-05-17,Closed,Weather,"164 Mitchell Points, New Bradley, IA 06773",625.32,150.78,0.0,0.0,2025-07-26,,"J. Thompson, 472-973-6034"
PRGS,120243,UMN8745918,2025-000041,2025-05-15,2025-05-15,Closed,Wind/Hail,"330 Mary Island, Christopherborough, WA 13011",24564.61,2748.53,0.0,0.0,2025-09-13,,"T. Smith, +1-724-419-0434"
LIBM,120270,MBP2384450,2025-000042,2025-05-16,2025-05-18,Closed,Comprehensive Theft,"335 Raymond Prairie, East Julia, PA 35635",1560.47,189.01,0.0,0.0,2025-09-11,,"D. Mccoy, 625-657-8896"
GEIC,120296,EBA5020192,2025-000043,2025-05-20,2025-05-21,Open,Other,"923 Campos Shore Apt. 776, Kimberlyport, TX 23194",2171.6,1660.01,6767.9,979.58,,,"L. Garcia, 768.217.9655x2084"
PRGS,120274,CPD8499303,2025-000044,2025-05-20,2025-05-20,Closed,Glass,"6424 Sandra Island Apt. 121, Shaneton, DC 71105",971.38,190.53,0.0,0.0,2025-07-28,,"K. Sullivan, 7299883161"
HART,120053,FNY2864108,2025-000045,2025-05-24,2025-05-25,Closed,Water (non-flood),"5073 Tyler Lock, South Anthony, ND 67228",1349.8,389.32,0.0,0.0,2025-08-27,,"R. Lewis, 001-896-219-7588"
HART,120024,ZFC4285590,2025-000046,2025-05-25,2025-05-27,Closed,Collision,"82722 Bright Circle Apt. 759, Lake Juliashire, WA 99141",10777.34,1539.02,0.0,0.0,2025-06-13,,"A. King, 302.877.4588x476"
HART,120039,KNF4248469,2025-000047,2025-05-25,2025-05-26,Open,Liability BI/PD,"085 Mills Summit, Port Jonathonchester, DC 54043",445.48,138.39,852.37,150.33,,,"J. Green, 885-378-7757x7217"
GEIC,120098,YPS8775318,2025-000048,2025-05-25,2025-05-25,Open,Collision,"644 Andrea Land Apt. 593, Chadfurt, MH 26837",770.42,141.29,1436.93,61.0,,,"J. Miller, (551)371-3750"
PRGS,120290,XZU8494422,2025-000049,2025-05-26,2025-05-26,Closed,Collision,"864 Charlotte Summit, New Jamesburgh, MS 56908",1432.53,184.93,0.0,0.0,2025-08-18,,"D. Gomez, (469)845-0180"
TRAV,120180,ESC1265504,2025-000050,2025-05-26,2025-05-26,Closed,Collision,"58487 Smith Road, Davidborough, MP 55971",1993.0,332.26,0.0,0.0,2025-07-13,,"L. Anderson, 612-867-5461"
ALLS,120092,PUG9283028,2025-000051,2025-05-26,2025-05-27,Reopened,Fire,"75668 Diana Heights, New William, GA 86896",4289.22,989.71,1669.29,556.08,2025-08-14,2025-10-18,"J. Martin, +1-606-888-9277x4813"
HART,120243,TRE0777420,2025-000052,2025-05-27,2025-05-28,Closed,Liability,"16470 Kelly Manor Apt. 771, New Angela, SD 09795",4845.42,962.32,0.0,0.0,2025-06-14,,"M. Barton, 3288864889"
TRAV,120279,PUV7209537,2025-000053,2025-05-28,2025-06-03,Closed,Liability BI/PD,"7111 Wood Oval, Devinside, WV 66757",977.16,148.9,0.0,0.0,2025-07-22,,"M. Mann, 825.519.2669x9395"
TRAV,120190,DVH6965241,2025-000054,2025-05-29,2025-05-30,Closed,Other,"1681 Sutton Burgs Apt. 474, Arthurmouth, CT 81154",9910.28,2091.27,0.0,0.0,2025-06-18,,"M. Moore, +1-342-647-9885x19942"
AMFA,120004,AAT6050161,2025-000055,2025-05-30,2025-05-30,Open,Glass,"4821 Cynthia Plains, Johnview, PA 28605",444.17,154.23,1075.13,101.51,,,"D. Mooney, 001-461-281-9164x470"
NATI,120298,LXP8546866,2025-000056,2025-05-30,2025-06-01,Open,Collision,"7249 Austin Square Suite 109, North Judithton, AZ 92412",468.85,312.8,935.72,53.51,,,"J. Alvarez, 205-335-3201x53328"
PRGS,120056,XFP6076973,2025-000057,2025-06-03,2025-06-06,Closed,Collision,"98056 Thompson Bypass, Leroyberg, OR 84918",5102.57,721.81,0.0,0.0,2025-11-06,,"A. Sanchez, 428-395-0102x15121"
PRGS,120060,EEF4508979,2025-000058,2025-06-03,2025-06-07,Closed,Other,"09156 Matthew Summit, North Alan, LA 90113",15110.22,2685.67,0.0,0.0,2025-08-30,,"J. Gutierrez, +1-532-709-9509x3920"
TRAV,120142,VRU9069821,2025-000059,2025-06-05,2025-06-05,Open,Property Fire,"237 Roy Shoals Apt. 469, Karenbury, VI 95647",7749.66,1781.2,9261.04,1236.82,,,"A. Everett, 001-413-343-4603x0910"
NATI,120000,MHR7585208,2025-000060,2025-06-06,2025-06-06,Closed,Vehicle,"79508 Marcus Estate Suite 131, Port Larry, NC 43382",15784.33,3834.1,0.0,0.0,2025-06-20,,"A. Walker, 745-573-1098x613"
HART,120210,HTD8769186,2025-000061,2025-06-06,2025-06-06,Closed,Water (non-flood),"8508 Thompson Plains, Housechester, PR 44817",2899.47,172.23,0.0,0.0,2025-07-30,,"A. Macdonald, 374-546-4029x56922"
FARM,120004,WHC3864021,2025-000062,2025-06-06,2025-06-06,Closed,Water (non-flood),"541 Stacy Squares Apt. 700, Sarahmouth, AS 65986",21397.29,4902.1,0.0,0.0,2025-07-10,,"B. Parker, 001-663-741-7673x65841"
ALLS,120158,GAS1968844,2025-000063,2025-06-07,2025-06-07,Closed,Liability BI/PD,"887 Jamie Garden Suite 547, Monicashire, NC 75947",380.99,86.7,0.0,0.0,2025-08-12,,"J. Barnett, 328.908.8128x89226"
TRAV,120107,BFC6464712,2025-000064,2025-06-07,2025-06-09,Closed,Wind/Hail,"3463 Cardenas Underpass, Jennifershire, NV 85682",11341.18,2442.44,0.0,0.0,2025-07-31,,"J. Franco, +1-999-909-0366"
TRAV,120261,KKH6104787,2025-000065,2025-06-08,2025-06-09,Closed,Glass,"6821 Meyer Parkway Suite 470, Kelseyhaven, GU 86299",3627.93,732.68,0.0,0.0,2025-08-12,,"A. Reid, +1-943-759-1377x7108"
GEIC,120118,KHW4000080,2025-000066,2025-06-08,2025-06-08,Closed,Wind/Hail,"40706 Velazquez Gateway, West Nancy, VT 30660",3297.55,404.24,0.0,0.0,2025-08-29,,"V. White, 339-967-3208"
ALLS,120086,ZRR4365083,2025-000067,2025-06-09,2025-06-10,Open,Liability BI/PD,"5290 Lewis Fort, West Brandystad, AS 69226",595.31,265.63,2578.79,71.08,,,"V. Webster, 306.792.5114"
LIBM,120103,KMJ1829933,2025-000068,2025-06-09,2025-06-10,Closed,Water (non-flood),"9350 Sandra Points, East Tammy, SC 42216",2526.36,942.51,0.0,0.0,2025-09-18,,"K. Wilson, +1-486-686-9520"
HART,120212,TBT6418115,2025-000069,2025-06-14,2025-06-14,Open,Collision,"9809 Rodney Run, Royfurt, FM 90958",1684.78,88.59,2529.08,132.71,,,"C. Collins, 667-251-7450"
NATI,120015,RRT2628315,2025-000070,2025-06-14,2025-06-14,Closed,Slip/Fall,"34820 Brian Loop, Foleytown, GU 19075",14000.63,2640.27,0.0,0.0,2025-07-20,,"J. Cowan, 422-838-6152x502"
NATI,120220,HCX9444364,2025-000071,2025-06-15,2025-06-15,Closed,Wind/Hail,"2936 Nancy Cove Apt. 068, West Carloschester, ID 81829",7725.16,1903.22,0.0,0.0,2025-07-16,,"R. Jennings, 356-921-0483x8445"
HART,120109,ZMY7893382,2025-000072,2025-06-16,2025-06-18,Open,Wind/Hail,"529 Romero Spurs Apt. 929, Kelseyfurt, NY 34783",26935.9,9439.36,58180.01,7828.7,,,"C. Ochoa, 638-951-1404"
LIBM,120212,BXZ1540915,2025-000073,2025-06-16,2025-06-16,Closed,Wind/Hail,"9629 Taylor Summit Suite 530, Beckton, DE 53021",1801.91,503.83,0.0,0.0,2025-08-02,,"M. Nielsen, 530.377.9369"
GEIC,120177,NUX5683103,2025-000074,2025-06-18,2025-06-20,Open,Glass,"4426 Kelli Brook Apt. 738, West Brittanyport, MN 42723",111.45,13.87,102.94,25.56,,,"J. Short, 001-361-971-7267x3983"
FARM,120218,UEB9071605,2025-000075,2025-06-19,2025-06-19,Open,Liability BI/PD,"369 William Rue Suite 521, Carlosside, ID 54706",109.0,28.03,211.52,16.03,,,"P. Roberts, 001-505-913-7371x76001"
AMFA,120042,TYX8448479,2025-000076,2025-06-19,2025-06-19,Closed,Fire,"78755 Ross Mountain Suite 718, South Josephmouth, VT 37038",20684.73,1376.36,0.0,0.0,2025-09-27,,"E. Sanchez, 001-913-634-6048"
LIBM,120289,FDD1935484,2025-000077,2025-06-21,2025-06-21,Closed,Comprehensive Theft,"6531 Bell Avenue, East Kelsey, DC 37856",4359.38,947.39,0.0,0.0,2025-08-01,,"A. Duran, (816)320-4430x634"
LIBM,120183,SAY6784724,2025-000078,2025-06-22,2025-06-23,Closed,Liability,"2061 Carol Road Suite 282, Smithborough, OK 17613",1979.36,316.22,0.0,0.0,2025-07-19,,"P. Luna, 2527297466"
ALLS,120215,JET6545807,2025-000079,2025-06-24,2025-06-24,Open,Collision,"32155 Singleton Harbors, Lake Richard, VT 52550",261.59,137.3,1218.0,132.02,,,"S. Smith, 716.487.1405x58216"
PRGS,120020,MAR1954894,2025-000080,2025-06-30,2025-06-30,Closed,Fire,"48024 Gardner Trace, Dunlaphaven, GU 46406",904.43,163.71,0.0,0.0,2025-08-07,,"J. Bryant, 386.828.0645x4999"
FARM,120133,CTP9632923,2025-000081,2025-07-01,2025-07-01,Reopened,Collision,"3347 Gene Cove, Brittanyton, AL 20493",4396.35,624.05,3351.78,470.32,2025-09-28,2025-10-04,"L. Braun, (298)578-4457"
LIBM,120143,YKF5253821,2025-000082,2025-07-01,2025-07-03,Closed,Collision,"27084 Rodriguez Brook, Gomezville, PR 57886",2285.26,415.02,0.0,0.0,2025-09-28,,"B. Harris, 310.924.9831x1923"
LIBM,120014,YMP1746612,2025-000083,2025-07-03,2025-07-03,Closed,Collision,"18915 Shawn Park Suite 612, New Williammouth, GU 80065",4036.25,570.22,0.0,0.0,2025-08-24,,"J. Hall, 3789908065"
GEIC,120221,WZJ4118143,2025-000084,2025-07-04,2025-07-05,Closed,Collision,"044 Parker Greens Apt. 525, Jenniferbury, FM 91763",6456.48,627.69,0.0,0.0,2025-09-05,,"B. Graves, +1-993-553-8912x2425"
ALLS,120085,DSJ9642977,2025-000085,2025-07-06,2025-07-07,Closed,Liability BI/PD,"605 Jones Extension Suite 212, Hayesstad, MT 47371",1187.34,268.31,0.0,0.0,2025-10-27,,"S. Mcdonald, 929.453.2817x30932"
HART,120163,SUX0035296,2025-000086,2025-07-08,2025-07-08,Closed,Strain/Sprain,"278 Davis Courts Apt. 003, Dianefort, MH 64031",19303.84,3692.6,0.0,0.0,2025-10-14,,"S. Proctor, 2039695816"
GEIC,120114,LXJ5241619,2025-000087,2025-07-09,2025-07-09,Open,Collision,"892 Scott Land, South Miranda, AL 36894",184.03,45.38,386.43,79.79,,,"S. Price, 234.782.5309"
TRAV,120067,UMS2024158,2025-000088,2025-07-10,2025-07-11,Closed,Wind/Hail,"57572 Teresa Court Apt. 314, West Danielberg, NC 58565",13969.93,3486.89,0.0,0.0,2025-09-19,,"S. Stevenson, +1-454-221-7751"
PRGS,120053,YCH5041235,2025-000089,2025-07-11,2025-07-12,Reopened,Liability,"0236 Cox Ports, Justinside, MT 46801",22601.95,2078.65,5662.51,2013.15,2025-09-23,2025-11-21,"N. Fuentes, 001-959-880-4538x744"
PRGS,120212,CFK3108978,2025-000090,2025-07-11,2025-07-12,Closed,Collision,"2763 Brittany Light, New Heather, AR 26685",6832.02,1355.21,0.0,0.0,2025-09-23,,"D. Wilson, 685-989-7113"
AMFA,120045,XKS7629966,2025-000091,2025-07-12,2025-07-13,Open,Strain/Sprain,"848 Lucas Common, Lake Anthony, MD 79910",9887.0,1731.94,26689.89,4120.64,,,"S. Tucker, +1-520-249-2061x147"
PRGS,120236,FVD9360906,2025-000092,2025-07-13,2025-07-15,Closed,Collision,"029 Davis Road, Jenkinsborough, NM 31838",307.72,101.23,0.0,0.0,2025-11-09,,"W. Mullen, 689-409-9382x804"
GEIC,120200,XUH3160541,2025-000093,2025-07-14,2025-07-15,Closed,Water (non-flood),"71928 Peters Shoals, West Curtis, OK 26809",1778.91,379.06,0.0,0.0,2025-10-25,,"C. Santiago, 001-946-306-2403x288"
LIBM,120165,VVH8968981,2025-000094,2025-07-15,2025-07-15,Open,Fire,"757 Claudia Canyon Suite 327, Wilsonfort, MH 69240",1365.46,938.33,7129.06,1044.82,,,"A. Rodriguez, (954)228-2226"
CHUB,120014,MGT9548978,2025-000095,2025-07-22,2025-07-23,Closed,Glass,"906 Krista Lodge, Burgessberg, MT 58275",1055.72,52.79,0.0,0.0,2025-11-18,,"C. Young, 001-651-468-7460x47176"
ALLS,120180,LJR4326464,2025-000096,2025-07-22,2025-07-22,Closed,Collision,"27954 Hill Harbor, Lake Alexander, TX 17357",6510.42,1605.53,0.0,0.0,2025-09-18,,"M. Rodgers, 475.411.0274x143"
TRAV,120004,BXM3945562,2025-000097,2025-07-22,2025-07-23,Open,Liability BI/PD,"45699 Lindsey Course Suite 324, Ortegatown, ND 55227",901.33,658.94,3758.59,884.02,,,"M. Smith, 001-343-686-3561"
ALLS,120223,BKD8883136,2025-000098,2025-07-23,2025-07-25,Closed,Water (non-flood),"73741 John Field, Hobbsfurt, SC 10230",13959.26,4251.52,0.0,0.0,2025-10-11,,"P. Morales, 484.875.6649x13641"
GEIC,120271,WPR0678169,2025-000099,2025-07-24,2025-07-24,Closed,Collision,"06705 Gross Knoll Suite 917, West Jessicamouth, VI 41067",5192.78,624.6,0.0,0.0,2025-09-04,,"J. Benton, 001-398-870-0050x50513"
ALLS,120087,TGG5470180,2025-000100,2025-07-25,2025-07-25,Closed,Wind/Hail,"6538 Emma Islands Apt. 688, Port Crystalburgh, VT 78255",4325.11,828.41,0.0,0.0,2025-10-08,,"T. Shaw, 997.312.7307x780"
NATI,120298,DRA5099442,2025-000101,2025-07-25,2025-07-25,Closed,Water (non-flood),"8284 Romero Lane Suite 068, Bellmouth, NY 82609",1450.26,226.89,0.0,0.0,2025-11-06,,"M. Gonzalez, 4962802600"
TRAV,120172,CBH6563768,2025-000102,2025-07-26,2025-07-26,Open,Fire,"55450 David Mills Apt. 166, Hodgestad, AL 64636",4172.34,531.83,3676.35,833.38,,,"J. Parks, (900)260-6085"
PRGS,120124,EBY2494285,2025-000103,2025-07-28,2025-07-29,Closed,Collision,"1425 Jane Mall, Port Jamesport, KS 68392",3363.56,704.81,0.0,0.0,2025-08-22,,"D. Woods, 658.899.6687"
TRAV,120212,UNK3551735,2025-000104,2025-08-02,2025-08-04,Open,Glass,"48315 Cynthia Ford, Richardsonland, MO 02723",1168.93,220.45,1640.41,133.84,,,"A. Mcclure, 999-303-4245x94306"
PRGS,120215,XDM3617181,2025-000105,2025-08-02,2025-08-02,Open,Liability BI/PD,"259 Lindsey Prairie Suite 391, Carneyshire, DC 81325",107.29,35.07,212.29,4.71,,,"B. Reese, 643.968.2239"
GEIC,120061,KBK7630515,2025-000106,2025-08-03,2025-08-04,Open,Strain/Sprain,"871 Brandon Spring Apt. 433, Maystown, MI 27880",282.28,173.37,499.43,44.92,,,"J. Garza, +1-767-935-2003x28448"
GEIC,120271,ECU4679115,2025-000107,2025-08-04,2025-08-05,Closed,Collision,"1872 Hall Mountain Apt. 302, North Eric, MO 17932",2575.25,716.63,0.0,0.0,2025-09-12,,"R. Smith, 001-836-402-6926x602"
PRGS,120026,VHF5127096,2025-000108,2025-08-04,2025-08-05,Open,Liability BI/PD,"4696 Larsen Canyon Apt. 036, Thomastown, ID 27767",2831.69,956.2,6651.16,396.74,,,"B. Dyer, +1-710-587-6606x8010"
NATI,120209,CDK7405589,2025-000109,2025-08-04,2025-08-07,Closed,Collision,"7771 Dunn Court, Mejialand, TN 28209",2759.91,665.38,0.0,0.0,2025-11-10,,"C. Smith, 507.393.8140x97133"
LIBM,120217,YYH0587170,2025-000110,2025-08-05,2025-08-06,Closed,Liability BI/PD,"0939 Henderson Alley Apt. 461, North Lindsaystad, VI 44378",3128.26,655.41,0.0,0.0,2025-09-25,,"J. Olson, 698-705-0597x06046"
NATI,120144,NBJ0289645,2025-000111,2025-08-08,2025-08-08,Open,Weather,"6244 Bray Parks Apt. 770, Smithmouth, CT 40311",2679.64,378.75,2766.04,447.96,,,"T. Torres, 745-985-9200x5280"
TRAV,120110,ZEL9395098,2025-000112,2025-08-10,2025-08-10,Closed,Water (non-flood),"58278 Kevin Dam, Huffshire, CA 03490",38628.43,6435.07,0.0,0.0,2025-10-08,,"N. Oconnor, 523-616-5910"
HART,120215,NXD4154485,2025-000113,2025-08-10,2025-08-10,Closed,Comprehensive Theft,"7593 Thomas Cliff, Wolfside, WY 15012",3641.1,337.26,0.0,0.0,2025-12-09,,"K. Ryan, 509-861-8167"
CHUB,120090,LPX6166826,2025-000114,2025-08-11,2025-08-11,Closed,Fire,"075 Kristin Drives, Thomashaven, WA 67802",5078.0,842.77,0.0,0.0,2025-10-08,,"A. Smith, 546-709-1850x8640"
TRAV,120161,RAT7666321,2025-000115,2025-08-11,2025-08-12,Closed,Collision,"22102 Ricardo Junctions Apt. 289, West Amymouth, NH 27605",1529.66,290.7,0.0,0.0,2025-09-07,,"L. Griffin, 680.525.4688x8254"
PRGS,120112,RXS6610787,2025-000116,2025-08-11,2025-08-11,Closed,Collision,"289 Steven Square Apt. 815, West Mark, NV 41798",2108.37,278.52,0.0,0.0,2025-11-19,,"K. Jones, 001-466-207-1725x175"
PRGS,120204,DSG0097872,2025-000117,2025-08-14,2025-08-14,Open,Other,"11163 Louis Overpass, Katherinebury, MA 74377",6371.35,3520.12,10400.19,1555.21,,,"A. Decker, 001-861-505-4393"
TRAV,120270,VDW2466316,2025-000118,2025-08-15,2025-08-15,Reopened,Comprehensive Theft,"975 David Turnpike Apt. 120, Davisside, FL 83488",1526.44,168.1,660.42,127.17,2025-09-26,2025-12-10,"K. Jones, 001-636-791-1280"
LIBM,120291,VUN3948228,2025-000119,2025-08-17,2025-08-17,Closed,Wind/Hail,"784 Brenda Curve, Muellerville, MS 67323",8221.16,997.83,0.0,0.0,2025-10-18,,"S. Allen, (815)674-5812x9529"
FARM,120257,SHZ1849605,2025-000120,2025-08-18,2025-08-19,Reopened,Wind/Hail,"483 Davis Heights, East Ryan, ND 52740",5458.69,129.48,1406.94,213.8,2025-09-28,2025-10-28,"A. Woodward, 260-225-9286x84572"
CHUB,120176,EVE7907160,2025-000121,2025-08-19,2025-08-22,Closed,Glass,"409 Cody Land, Nicholasville, KY 45272",2136.74,380.04,0.0,0.0,2025-11-21,,"A. Wallace, 474-259-4413x12209"
GEIC,120149,KVK8239504,2025-000122,2025-08-19,2025-08-19,Closed,Weather,"331 Ruiz Oval Suite 379, Brendaberg, IA 81757",2945.86,478.9,0.0,0.0,2025-10-20,,"J. Obrien, 200.480.2261x045"
NATI,120294,HJM9415834,2025-000123,2025-08-21,2025-08-21,Closed,Water (non-flood),"546 Bryan Island Apt. 436, East Shellychester, OR 34189",4081.98,1050.26,0.0,0.0,2025-10-13,,"K. Gilbert, (966)282-2251x1528"
ALLS,120174,HFV6294771,2025-000124,2025-08-22,2025-08-22,Open,GL Prem/Ops,"734 Walker Meadows, South John, UT 82181",5495.11,1043.41,6702.67,726.55,,,"B. Duarte, 278-278-3430x94020"
CHUB,120292,BNH4093698,2025-000125,2025-08-22,2025-08-22,Open,Slip/Fall,"823 John Meadows Suite 134, New Elizabeth, FL 44051",18973.89,2010.35,22036.69,2468.5,,,"K. Rodriguez, 001-250-733-7951"
AMFA,120046,RYN1618980,2025-000126,2025-08-22,2025-08-23,Closed,Glass,"70833 Williams Lane Apt. 227, West Donnaport, IN 06551",1290.2,225.38,0.0,0.0,2025-11-01,,"S. Willis, 378-999-8541"
GEIC,120140,SKW1782416,2025-000127,2025-08-23,2025-08-23,Reopened,Liability BI/PD,"5907 Austin Manors, South Sierra, NY 51001",1026.13,121.97,666.95,169.5,2025-09-24,2025-12-17,"T. Smith, (274)488-9919"
LIBM,120083,PJD0009971,2025-000128,2025-08-24,2025-08-25,Closed,Collision,"794 Brooks Rapids, Georgemouth, DC 04390",409.75,80.76,0.0,0.0,2025-10-25,,"C. Coleman, +1-381-767-8073x70848"
NATI,120204,XTX0087829,2025-000129,2025-08-25,2025-08-25,Closed,Collision,"7095 Mark Gateway, Lake Christina, MI 84187",1299.61,168.96,0.0,0.0,2025-10-25,,"M. Bell, 001-588-533-9211"
TRAV,120195,ZJG6675225,2025-000130,2025-08-25,2025-08-26,Closed,Wind/Hail,"25184 Rodriguez Unions, Port Christopher, AK 18626",1909.78,95.49,0.0,0.0,2025-10-23,,"R. Frank, 309-529-8389"
ALLS,120061,EGA4075899,2025-000131,2025-08-25,2025-08-26,Open,Water (non-flood),"8992 Hoover Prairie Suite 307, Rhondafort, MO 11268",2694.38,343.46,10621.78,322.35,,,"T. Little, 724.859.2392x87030"
GEIC,120047,ZYN6038545,2025-000132,2025-08-26,2025-08-28,Open,Collision,"07244 Erin Drives Apt. 755, New Melissa, SC 00912",1719.87,569.81,2974.66,599.56,,,"P. Cole, 539-755-1445"
PRGS,120236,HCS8944012,2025-000133,2025-08-26,2025-08-26,Open,Collision,"7897 Deborah Plains Apt. 901, Scottside, MH 14550",2948.88,101.61,2349.19,406.45,,,"D. Booth, 712.340.2379x239"
CHUB,120177,YRG8378301,2025-000134,2025-08-27,2025-08-27,Open,Water (non-flood),"42795 Adriana Green Suite 787, North Rebecca, PA 04271",13240.52,14172.93,74322.15,745.94,,,"K. Lee, 001-448-492-4267x924"
AMFA,120004,JTD7356504,2025-000135,2025-08-29,2025-08-31,Open,Water,"73523 Thomas Corner Apt. 412, Frederickhaven, OR 86771",879.11,340.51,1353.78,219.32,,,"N. Mills, (333)243-3666"
PRGS,120252,JYL8362132,2025-000136,2025-08-30,2025-09-01,Closed,Fire,"76529 David Locks, Reillymouth, MT 58126",2807.21,972.69,0.0,0.0,2025-09-13,,"R. Lee, 300.642.2828x30534"
NATI,120124,ETB8803280,2025-000137,2025-08-31,2025-09-07,Open,Collision,"00877 Buckley Extensions Apt. 345, Lorimouth, AS 77939",347.31,62.09,1417.28,26.14,,,"L. Watkins, 652.878.8003"
TRAV,120276,PXY6945986,2025-000138,2025-09-01,2025-09-06,Closed,Weather,"21110 Kim Drive Suite 001, North Matthew, FL 55271",1794.19,228.4,0.0,0.0,2025-11-18,,"D. Cross, 001-892-584-2541x57866"
PRGS,120238,LJP0882957,2025-000139,2025-09-02,2025-09-04,Reopened,Weather,"316 Kristina Springs Apt. 346, East Brenda, MS 87736",4259.13,727.31,1351.46,317.81,2025-11-14,2025-12-30,"T. Bailey, 858-480-2429x6795"
FARM,120276,FDE6030549,2025-000140,2025-09-03,2025-09-06,Closed,Liability BI/PD,"071 Moore Circle, West Josephbury, ND 37110",7118.49,1495.31,0.0,0.0,2025-10-13,,"A. Ballard, 3583196176"
TRAV,120174,EXT3006957,2025-000141,2025-09-04,2025-09-05,Closed,Liability BI/PD,"068 Gary Spring, Port Jessica, NV 76791",12563.05,1226.63,0.0,0.0,2025-11-08,,"S. Goodwin, +1-581-826-8201x7873"
HART,120099,YYY3682920,2025-000142,2025-09-05,2025-09-05,Closed,Wind/Hail,"6390 Julie Camp Suite 333, North Nicholasborough, CO 80160",59689.31,15266.31,0.0,0.0,2025-12-18,,"W. Knapp, 001-389-297-6361x12273"
NATI,120267,RLS8394673,2025-000143,2025-09-05,2025-09-06,Closed,Property Wind/Hail,"234 Spencer View Suite 864, Heathhaven, NM 70269",7518.69,1761.46,0.0,0.0,2025-11-17,,"M. Wheeler, 241-863-4765x53953"
NATI,120160,VUJ9365722,2025-000144,2025-09-06,2025-09-08,Closed,Cut/Puncture,"388 Robert Court Apt. 313, Port Meganberg, NY 01838",12298.09,3510.96,0.0,0.0,2025-10-27,,"C. Garcia, 413.818.5998x592"
TRAV,120025,WWZ3230904,2025-000145,2025-09-07,2025-09-08,Closed,Wind/Hail,"4065 Eric Plaza Apt. 076, Gonzalezside, AS 31031",20011.79,4434.76,0.0,0.0,2025-10-31,,"S. Patterson, +1-622-971-5545"
CHUB,120284,FXH3133873,2025-000146,2025-09-09,2025-09-10,Closed,Liability BI/PD,"0144 Powers Views Suite 367, Katherinetown, ME 26579",3444.22,548.29,0.0,0.0,2025-11-22,,"N. Taylor, (679)707-4068x739"
HART,120127,WMN1940562,2025-000147,2025-09-09,2025-09-12,Closed,Liability BI/PD,"97242 Ferguson Shores, Triciachester, WA 70424",2170.91,217.95,0.0,0.0,2025-11-03,,"S. Dixon, 243.742.9824x801"
ALLS,120278,MJJ8570459,2025-000148,2025-09-10,2025-09-10,Closed,Collision,"58001 Alexandra Extensions, North Kellyville, CT 82422",398.27,62.96,0.0,0.0,2025-09-30,,"S. Cook, 785.874.9212"
FARM,120105,YCM4413551,2025-000149,2025-09-10,2025-09-11,Open,Wind/Hail,"36064 Hunt Summit Apt. 922, New Mary, MP 79754",3404.45,2107.65,10266.07,1116.76,,,"A. Day, +1-656-726-9574x52063"
ALLS,120260,UJR5721533,2025-000150,2025-09-10,2025-09-10,Closed,Glass,"259 Valenzuela Turnpike, Lake Derrick, MI 55653",10705.65,2753.84,0.0,0.0,2025-09-29,,"T. Lee, (335)202-8306x13261"
NATI,120074,EZF2737624,2025-000151,2025-09-11,2025-09-11,Closed,Collision,"198 Rachel Expressway, Darrelltown, OR 94339",715.72,128.16,0.0,0.0,2025-11-15,,"T. Perez, 586.378.8014x65083"
AMFA,120161,LHF6149566,2025-000152,2025-09-11,2025-09-15,Open,Wind/Hail,"008 Justin Creek Suite 278, Salazarmouth, GA 40059",750.51,252.78,879.86,139.08,,,"J. Prince, 687.641.4457"
TRAV,120123,MPX4867793,2025-000153,2025-09-12,2025-09-12,Open,Cut/Puncture,"0243 Carlos Motorway, Port Catherine, IN 70529",947.43,416.76,3078.58,168.84,,,"K. Butler, (518)812-4335x23426"
GEIC,120177,SHB9171528,2025-000154,2025-09-14,2025-09-14,Open,Theft/Vandalism,"887 Cortez Crest Suite 713, Melindafurt, MP 32275",2128.77,2455.57,10299.76,811.0,,,"A. Odonnell, 871.751.8891"
GEIC,120229,ERW1658435,2025-000155,2025-09-14,2025-09-14,Closed,Comprehensive Theft,"02355 Ashley Ford Apt. 053, Paulmouth, MS 37824",1394.0,305.32,0.0,0.0,2025-12-11,,"M. Cox, 695.591.5072"
CHUB,120245,GEE0991717,2025-000156,2025-09-16,2025-09-16,Closed,Collision,"70742 Price Lake, South Devonshire, PA 91129",5723.97,1414.77,0.0,0.0,2025-10-29,,"A. Jones, 3758275469"
NATI,120203,GEU6818363,2025-000157,2025-09-16,2025-09-17,Closed,Collision,"2998 Matthew Motorway Suite 403, North Josephview, PW 02771",1390.02,349.41,0.0,0.0,2025-12-20,,"B. Maldonado, (388)476-8037x61769"
TRAV,120240,ZYN8228368,2025-000158,2025-09-16,2025-09-19,Closed,Glass,"371 Ryan Spurs, Gallegosfort, MH 14650",4701.86,537.81,0.0,0.0,2026-01-03,,"L. Williams, (304)559-8106x465"
HART,120056,USC1734693,2025-000159,2025-09-17,2025-09-17,Closed,Glass,"884 Sanders Union Suite 839, East Joan, ND 20743",1297.58,330.32,0.0,0.0,2025-11-29,,"D. Bishop, 598-934-6035x5128"
PRGS,120092,NET9611592,2025-000160,2025-09-19,2025-09-19,Open,Comprehensive Theft,"233 Kirk Summit Suite 520, Michaelside, MD 41541",240.96,194.63,2256.64,256.8,,,"L. May, +1-914-300-8552x4436"
NATI,120122,RLX9645762,2025-000161,2025-09-21,2025-09-22,Open,Property Wind/Hail,"958 Harris Walks Suite 085, Philipmouth, AK 99662",1288.17,147.78,962.5,299.07,,,"A. Hamilton, +1-820-231-5517x348"
GEIC,120093,KXW7679786,2025-000162,2025-09-22,2025-09-22,Closed,Collision,"00782 Reyes Land Apt. 584, Fosterberg, MT 86264",4930.6,775.8,0.0,0.0,2025-12-22,,"J. Jones, 660.902.8325"
CHUB,120126,KCA8581898,2025-000163,2025-09-23,2025-09-23,Open,Collision,"8589 Caroline Parks Suite 779, Barnettville, SC 88831",1199.95,437.29,1818.36,135.76,,,"H. Smith, (810)876-9030"
FARM,120289,WWZ4965145,2025-000164,2025-09-24,2025-09-25,Open,Collision,"791 Andrea Station, Victoriamouth, OK 88072",442.03,106.21,664.35,73.71,,,"M. Hansen, +1-459-953-4220x5581"
PRGS,120010,HPW3996660,2025-000165,2025-09-24,2025-09-24,Closed,Collision,"5258 Wendy Green Apt. 975, Biancaside, AS 17775",2216.55,505.29,0.0,0.0,2025-11-26,,"D. Adams, 7695510563"
TRAV,120229,VAG7970130,2025-000166,2025-09-24,2025-09-24,Closed,Glass,"31599 Villegas Meadows, New Tammy, MI 13971",12243.18,929.89,0.0,0.0,2025-11-21,,"P. Crawford, 299.362.2392x70534"
LIBM,120224,KPK1073943,2025-000167,2025-09-26,2025-09-26,Open,Water (non-flood),"22775 Logan Row Suite 958, Margaretton, NY 12102",3191.31,942.21,5532.17,779.92,,,"I. Baird, +1-429-291-5795x3593"
AMFA,120065,VFD8104408,2025-000168,2025-09-28,2025-09-29,Open,Collision,"48560 David Islands Apt. 308, Jessefurt, CT 36676",826.03,553.81,1037.96,70.41,,,"K. Williams, +1-947-430-8845x4644"
CHUB,120088,KNB0957482,2025-000169,2025-09-28,2025-09-28,Open,Comprehensive Theft,"55509 Anthony Mountain, Garytown, PA 88489",1493.65,345.51,2549.7,215.37,,,"C. Braun, +1-498-427-6543x9790"
NATI,120181,WDH5741551,2025-000170,2025-09-28,2025-09-29,Reopened,Collision,"962 Matthew Underpass Apt. 532, North Dean, OR 12013",2298.95,458.79,3350.24,624.02,2025-11-13,2025-12-17,"T. Ford, 972.996.9206x6963"
AMFA,120145,BCV6058876,2025-000171,2025-09-29,2025-10-03,Closed,Collision,"84097 Moyer Dale Apt. 270, Charlesport, NV 76811",3106.44,249.73,0.0,0.0,2026-02-08,,"D. Peterson, 524-206-2203x4039"
AMFA,120192,WYN9779813,2025-000172,2025-09-29,2025-09-30,Open,Collision,"5005 Barbara Lock Suite 368, Huffmanberg, KY 42914",1344.56,491.98,2764.68,688.87,,,"S. Jones, +1-899-226-5865x4996"
GEIC,120056,LMF0190068,2025-000173,2025-09-29,2025-09-29,Open,Weather,"387 Frazier Rest, Port Jackmouth, TN 76024",1411.77,299.83,1304.21,273.81,,,"A. Bates, 973.530.2800x599"
CHUB,120019,XXS3975412,2025-000174,2025-09-30,2025-10-01,Open,Fire,"887 Donna Grove, New Ericstad, AZ 58722",1163.07,98.88,1976.76,72.5,,,"J. Jordan, 357.368.4430x3293"
PRGS,120161,SRS8109934,2025-000175,2025-10-01,2025-10-02,Closed,Water,"77015 Anthony Crossing, Stewartville, VT 89407",1580.27,259.89,0.0,0.0,2025-11-10,,"J. Banks, 897-696-9555"
AMFA,120247,ARW4408733,2025-000176,2025-10-04,2025-10-04,Closed,Collision,"44595 Randy Junction, Robinsonton, FL 03830",6367.67,1146.65,0.0,0.0,2025-11-04,,"M. Wheeler, +1-919-203-6533x95753"
HART,120211,SMU7947712,2025-000177,2025-10-05,2025-10-05,Open,Cut/Puncture,"6437 Brewer Dam, Grayfurt, AS 73158",26219.84,9829.6,44406.05,2852.98,,,"S. Mayer, 650-381-9792x39169"
PRGS,120013,TXV2055200,2025-000178,2025-10-07,2025-10-09,Reopened,Collision,"6517 Valencia Oval Suite 760, Austintown, KY 61798",696.15,77.51,367.01,49.91,2025-11-17,2026-01-13,"T. Sanchez, +1-392-223-4056x47484"
CHUB,120108,ZPB4519935,2025-000179,2025-10-12,2025-10-15,Open,Property Fire,"47191 Smith Forest Apt. 844, Port Tylerview, ND 36233",7231.86,1608.27,37919.62,1207.82,,,"M. Cross, +1-236-671-0242x95339"
CHUB,120141,SVD2561045,2025-000180,2025-10-12,2025-10-14,Open,Collision,"13549 Michelle Ford, Englishton, VI 74154",976.85,199.16,1064.86,195.42,,,"A. Bailey, 315-310-7093"
CHUB,120126,JWA3652768,2025-000181,2025-10-16,2025-10-18,Open,Excess Auto,"1967 Petersen Estate, Johnstad, PW 85049",3825.63,500.3,5687.33,193.7,,,"K. Armstrong, +1-500-900-0985x6915"
PRGS,120153,XHM5009904,2025-000182,2025-10-19,2025-10-19,Closed,Collision,"9050 Miller Ville, Warrenburgh, ND 03939",7052.14,845.65,0.0,0.0,2026-02-10,,"J. Barnes, 975-454-3034"
ALLS,120014,UEM8536988,2025-000183,2025-10-19,2025-10-19,Open,Collision,"077 Stephen Park, Odomside, MO 91958",1665.47,1389.29,5806.32,987.05,,,"A. Brown, 997-832-7710x66449"
LIBM,120104,JSP1213451,2025-000184,2025-10-20,2025-10-20,Closed,Weather,"72516 Sandra Shores Apt. 691, Sarahtown, RI 34308",3115.03,618.17,0.0,0.0,2025-12-20,,"D. Wilson, +1-865-293-5993x0071"
NATI,120178,CWT0258672,2025-000185,2025-10-21,2025-10-22,Open,Fire,"4651 Ashley Garden Suite 872, East Andrewfurt, LA 67923",2640.18,685.96,3748.43,560.76,,,"L. Barry, 8943131000"
GEIC,120033,YNU4356359,2025-000186,2025-10-21,2025-10-24,Open,Collision,"58343 Jensen Road Apt. 899, New Davidside, UT 64444",163.04,72.9,279.91,14.96,,,"M. Adams, +1-802-224-5962x359"
HART,120241,HCE7584475,2025-000187,2025-10-21,2025-10-21,Closed,Wind/Hail,"0661 Gerald Island, South Jason, PA 21287",6267.28,609.24,0.0,0.0,2026-01-12,,"L. Schaefer, 001-869-797-7351x687"
LIBM,120124,FNR6479728,2025-000188,2025-10-21,2025-10-21,Open,Liability BI/PD,"5281 Donald Station, Nguyenland, WA 65527",583.05,274.89,1029.77,20.6,,,"D. Johnson, 492-783-4140x64974"
NATI,120105,FHR0548082,2025-000189,2025-10-23,2025-10-23,Open,Other,"811 Hayes Junctions, West Evanport, NV 13579",1475.72,562.73,3728.1,347.93,,,"A. Torres, (732)938-6383x9423"
GEIC,120195,DVX4330219,2025-000190,2025-10-23,2025-10-24,Closed,Glass,"3077 Brittney Extension, Melissaside, ID 09392",1574.97,109.8,0.0,0.0,2025-11-25,,"D. Blake, 467.384.3601"
CHUB,120019,EFT6297843,2025-000191,2025-10-24,2025-10-25,Open,Fire,"1631 Ortiz Harbor Apt. 294, New Megan, SD 62365",3640.49,791.37,8049.34,699.29,,,"K. Wilson, (426)799-5131"
TRAV,120100,RXV0810115,2025-000192,2025-10-25,2025-10-30,Open,Comprehensive Theft,"670 James Loaf Apt. 117, Lake Arielport, AR 54315",249.41,58.12,490.53,51.2,,,"L. Jacobson, 637.261.3141x485"
GEIC,120093,HVC0839505,2025-000193,2025-10-25,2025-10-27,Closed,Collision,"073 Joanna Crest, Maryport, DE 47921",293.26,74.44,0.0,0.0,2025-12-31,,"A. Mosley, 4684734589"
LIBM,120194,KXW7469306,2025-000194,2025-10-25,2025-10-26,Closed,Collision,"1114 Emma Burg, West Rachel, MI 16024",2634.38,517.33,0.0,0.0,2026-01-07,,"T. Gomez, (496)882-8291x15837"
NATI,120147,KWG2542407,2025-000195,2025-10-26,2025-10-28,Open,Cut/Puncture,"2751 Sarah Fork, Ericbury, RI 54699",1768.41,492.39,1537.27,294.63,,,"M. Johnson, 666-974-1665x316"
PRGS,120280,ALM4490840,2025-000196,2025-10-26,2025-10-26,Open,Collision,"050 Laura Mount Suite 852, North Seantown, CA 75920",1223.6,58.67,1317.85,68.4,,,"B. Boyer, 603-440-9425x0902"
PRGS,120012,TYY9759177,2025-000197,2025-10-28,2025-10-29,Closed,Wind/Hail,"605 Stafford Track Apt. 422, Morenoport, MP 47255",960.71,188.96,0.0,0.0,2026-01-15,,"K. Christensen, 001-395-740-8483"
NATI,120233,XYB1026129,2025-000198,2025-10-31,2025-11-01,Closed,Water (non-flood),"99350 Callahan Camp, New Bailey, MO 46421",11374.52,2503.66,0.0,0.0,2025-11-10,,"T. Martin, 001-919-730-7057x7667"
PRGS,120238,DRP0254871,2025-000199,2025-11-01,2025-11-01,Reopened,Collision,"299 Brian Neck, Whiteview, AL 77700",4056.67,873.53,1250.42,297.65,2026-02-19,2026-04-01,"A. Martinez, 9508708602"
NATI,120080,WED1665854,2025-000200,2025-11-03,2025-11-03,Open,Wind/Hail,"26979 Christopher Lake, North Stacy, DE 79098",5264.02,2803.34,11120.07,812.63,,,"J. Adkins, 910.865.1981x063"
FARM,120180,ULG4756214,2025-000201,2025-11-03,2025-11-04,Closed,Glass,"9076 Dylan Springs, Petersenchester, LA 67603",3518.59,399.86,0.0,0.0,2026-01-02,,"L. Thomas, 724-558-4424x961"
FARM,120052,ARG7946609,2025-000202,2025-11-05,2025-11-07,Closed,Water (non-flood),"373 Richards Springs Apt. 143, Parkerfort, FM 50637",31701.61,7938.84,0.0,0.0,2026-01-02,,"M. Baxter, +1-306-666-0410x016"
NATI,120183,FZD3702113,2025-000203,2025-11-05,2025-11-06,Closed,Collision,"2836 Sims Villages Apt. 594, Richardville, MD 99667",181.44,18.56,0.0,0.0,2026-02-14,,"A. Hernandez, 4083223082"
GEIC,120260,AXD7605066,2025-000204,2025-11-06,2025-11-06,Closed,Wind/Hail,"988 Michael Stravenue Apt. 011, West Angela, HI 52688",2289.01,213.02,0.0,0.0,2025-12-11,,"M. King, 5307444241"
ALLS,120177,YTU6537242,2025-000205,2025-11-07,2025-11-07,Closed,Fire,"07730 Ray Lodge Suite 737, Jennyburgh, PW 17017",3781.0,890.85,0.0,0.0,2026-01-26,,"T. Gomez, 835-923-3157x941"
TRAV,120070,SWW9720970,2025-000206,2025-11-11,2025-11-11,Open,Other,"3915 Kristen Ways Apt. 277, Rebekahview, AL 11136",2180.97,1259.55,3596.06,294.89,,,"P. Ward, 972-980-3633x68862"
FARM,120280,FLY6689900,2025-000207,2025-11-12,2025-11-12,Open,Water (non-flood),"725 Timothy Roads, South Kathleen, VA 61115",3192.95,427.39,2962.05,456.48,,,"I. Perez, 774-860-1382"
TRAV,120276,ECY7212229,2025-000208,2025-11-15,2025-11-15,Open,Liability BI/PD,"5629 Sara Valleys Apt. 167, Wagnertown, MN 50757",437.66,199.09,714.16,177.22,,,"B. Hernandez, 001-954-200-9179x219"
PRGS,120024,MPE7226781,2025-000209,2025-11-16,2025-11-18,Open,Wind/Hail,"77878 Crystal Inlet, Lake Richard, AZ 82998",2532.18,359.36,2408.49,369.22,,,"H. Brown, (481)820-2501x416"
GEIC,120074,PLS1190974,2025-000210,2025-11-17,2025-11-17,Open,Slip/Fall,"7334 Ramirez Burg Suite 750, Carterville, AR 40024",563.43,1997.6,10705.18,1061.36,,,"L. Johnson, (498)616-0393"
FARM,120163,ZMF5472785,2025-000211,2025-11-17,2025-11-19,Closed,Burglary,"1528 Fuller Loaf, Port Teresaland, WY 73921",7251.47,362.57,0.0,0.0,2026-02-22,,"A. Noble, 7693832534"
HART,120014,GFY7388257,2025-000212,2025-11-17,2025-11-20,Closed,Fire,"5165 Richards Centers Suite 622, North Tammy, MI 85585",6473.33,651.17,0.0,0.0,2026-01-27,,"J. Weber, 3148502521"
LIBM,120130,ERY4836148,2025-000213,2025-11-18,2025-11-19,Closed,Comprehensive Theft,"33099 Linda Ford Apt. 794, Elizabethmouth, NH 93614",2131.17,259.8,0.0,0.0,2026-02-17,,"M. Gentry, 001-739-481-4465x589"
PRGS,120032,WCJ9665809,2025-000214,2025-11-18,2025-11-19,Open,Theft/Vandalism,"89495 Jennifer Roads Apt. 500, Port Jamesview, PA 93005",131.49,44.14,303.47,20.9,,,"A. Frank, +1-759-670-4685x7955"
LIBM,120082,RUJ1241758,2025-000215,2025-11-19,2025-11-20,Open,Wind/Hail,"10520 Destiny Locks, Garystad, FL 02795",1976.82,321.02,2344.32,188.26,,,"V. Stewart, 6324206064"
NATI,120030,SBM9223040,2025-000216,2025-11-21,2025-11-25,Open,Comprehensive Theft,"92578 Sydney Estate Apt. 334, Port Kayla, CA 24168",506.4,45.89,288.75,31.58,,,"D. Cortez, 3007944381"
FARM,120128,CTZ3934366,2025-000217,2025-11-24,2025-11-24,Open,Comprehensive Theft,"905 Reid Meadow, New Nathanborough, IL 93394",1099.94,502.99,1589.04,88.99,,,"J. Rich, (975)829-2755"
FARM,120033,YWL0068295,2025-000218,2025-11-25,2025-11-25,Closed,Glass,"31689 Simon Crescent, Valerieview, GA 90895",2226.07,235.9,0.0,0.0,2026-01-01,,"J. Liu, (792)689-1934x8185"
PRGS,120125,CYV0477121,2025-000219,2025-11-25,2025-11-28,Open,Comprehensive Theft,"646 Lindsey Spurs Apt. 014, Stevenstad, FM 15287",1767.14,410.37,2658.33,537.57,,,"J. Gutierrez, (508)571-4206x18911"
AMFA,120129,LLP9122717,2025-000220,2025-11-26,2025-11-29,Open,Collision,"737 Felicia Wells, Ballton, TN 81950",2546.61,190.06,1153.09,117.96,,,"T. Ramos, (798)477-5006x7637"
ALLS,120168,MSS3557464,2025-000221,2025-11-26,2025-11-26,Reopened,Wind/Hail,"711 Tyler Fort Suite 173, Marshmouth, MI 61528",2979.61,599.42,1454.92,611.51,2026-01-14,2026-04-01,"J. Harrington, 939-897-9901x42380"
CHUB,120197,WZY8211494,2025-000222,2025-11-27,2025-11-27,Closed,Wind/Hail,"00853 Miller Mountain Suite 040, Port Thomas, CA 18387",1450.63,72.53,0.0,0.0,2025-12-20,,"M. Patel, (491)915-9767"
PRGS,120139,HLE5413938,2025-000223,2025-11-27,2025-11-30,Open,Liability BI/PD,"749 Scott Roads, East Markside, NE 68178",1559.45,591.12,3665.6,372.13,,,"S. Johnson, (860)862-3439"
GEIC,120080,WJB5738427,2025-000224,2025-11-28,2025-11-29,Open,Collision,"3929 Wright Street, North Ronniehaven, FM 18981",1260.77,442.72,3900.36,255.62,,,"J. Nelson, +1-577-635-6912x37554"
TRAV,120070,SWW9720970,2025-000225,2025-11-30,2025-12-02,Closed,Cut/Puncture,"3915 Kristen Ways Apt. 277, Rebekahview, AL 11136",76411.59,12963.95,0.0,0.0,2026-03-15,,"W. Gray, +1-213-765-2776x2661"
ALLS,120217,KPZ0523421,2025-000226,2025-12-02,2025-12-02,Open,Glass,"45984 Gordon Drive Suite 038, Estradaland, VA 64132",585.13,266.22,1266.45,206.9,,,"W. Jackson, +1-493-923-6669x743"
TRAV,120053,MGR2716129,2025-000227,2025-12-03,2025-12-05,Open,Strain/Sprain,"493 Paula Divide, Chaseton, HI 98038",902.58,520.96,4409.23,143.52,,,"C. Mendoza, 001-838-613-6879x445"
PRGS,120192,SND6536632,2025-000228,2025-12-06,2025-12-10,Open,Collision,"67739 Clinton Avenue, Kingchester, ID 04208",2346.84,561.32,3782.55,205.92,,,"A. Simon, 817-601-8357x7122"
LIBM,120294,HZE8146014,2025-000229,2025-12-06,2025-12-08,Reopened,Wind/Hail,"16550 Joseph Well, Walkerville, PR 19545",5346.06,477.53,3588.53,1214.17,2026-01-19,2026-04-01,"F. Wood, 2557164259"
CHUB,120013,PLD0424784,2025-000230,2025-12-07,2025-12-07,Closed,Collision,"83946 Moore Forge, Webbbury, NH 91388",675.79,33.79,0.0,0.0,2026-02-16,,"D. Cook, (811)429-5021x64498"
GEIC,120252,HYH5481030,2025-000231,2025-12-08,2025-12-08,Reopened,Collision,"936 Sims Spur, New Lauren, SD 90928",541.48,67.2,240.72,160.95,2026-02-19,2026-04-01,"M. Edwards, 503.731.8710"
TRAV,120263,NLS4292346,2025-000232,2025-12-08,2025-12-11,Open,Weather,"365 Michael Points Apt. 931, Wuside, ID 21922",1715.86,463.94,2505.7,575.56,,,"R. Park, (338)310-5913x5972"
NATI,120209,CDK7405589,2025-000233,2025-12-08,2025-12-10,Closed,Collision,"566 Hess Manor Apt. 196, Olsenhaven, TN 81365",6967.81,2038.91,0.0,0.0,2026-01-08,,"A. Melendez, 001-946-504-3581x59676"
LIBM,120161,ADF9428149,2025-000234,2025-12-11,2025-12-11,Open,Glass,"19231 Erica Stream, Cordovaton, NJ 60450",989.29,319.45,2161.94,278.33,,,"G. Edwards, 4895008902"
PRGS,120053,YCH5041235,2025-000235,2025-12-12,2025-12-12,Open,Wind/Hail,"485 Jeremiah Mountain Suite 206, Blackburnland, MT 77249",26546.91,4039.47,32073.28,3237.18,,,"B. Mitchell, (653)670-8112x9342"
TRAV,120263,NLS4292346,2025-000236,2025-12-15,2025-12-15,Open,Collision,"1754 Gilbert Highway, New Charlesfurt, ID 69962",370.17,71.84,372.22,42.93,,,"W. Wall, 226-372-1483"
ALLS,120066,TSH3524538,2025-000237,2025-12-15,2025-12-15,Open,Burglary,"2230 Angela Run Suite 083, Williamsshire, NC 87984",5473.21,1123.45,12520.25,1274.0,,,"J. Long, 001-350-812-3717"
FARM,120223,DDX7754694,2025-000238,2025-12-21,2025-12-21,Closed,Strain/Sprain,"14873 Stanley Causeway, Michaelfort, AZ 23088",104893.05,14464.54,0.0,0.0,2026-01-01,,"D. Shea, 737.225.3634x7853"
AMFA,120071,FUP2257482,2025-000239,2025-12-24,2025-12-24,Open,Collision,"01836 Gina Corners, Eileenstad, PR 87695",663.2,284.53,1590.46,170.12,,,"T. Jefferson, (372)645-2083x394"
AMFA,120181,KTF3440474,2025-000240,2025-12-25,2025-12-27,Open,Collision,"2462 John Flats, Abigailview, WV 11142",606.79,242.72,1240.88,137.49,,,"J. Hughes, 751-418-9662x40731"
HART,120096,DDP7084715,2025-000241,2025-12-31,2025-12-31,Open,Water,"0661 Park View Apt. 983, Tiffanyborough, NM 07263",3710.37,710.84,4034.06,477.5,,,"A. Perez, 9545735607"
PRGS,120028,GYA2942286,2026-000242,2026-01-02,2026-01-03,Closed,Collision,"022 Lance Parkways, Port Cassandra, WY 75136",1884.42,347.5,0.0,0.0,2026-03-02,,"M. Huff, 001-875-571-4992x4224"
ALLS,120129,ZJY7999746,2026-000243,2026-01-02,2026-01-02,Open,Collision,"90484 Stevens Junction, Barbaraberg, RI 72156",234.76,102.3,639.12,84.21,,,"J. Scott, +1-882-467-5983x996"
GEIC,120195,KCU5260428,2026-000244,2026-01-02,2026-01-03,Open,Collision,"30421 Burgess Flat Suite 522, New Deborah, ME 37907",1325.67,333.45,1745.72,316.18,,,"C. Mayo, +1-294-541-7196"
GEIC,120132,TMN2327257,2026-000245,2026-01-02,2026-01-05,Closed,Water (non-flood),"8309 Joseph Common Suite 105, West Sheila, WY 69057",12015.85,2861.74,0.0,0.0,2026-03-13,,"J. Stewart, 527-992-8274"
TRAV,120193,UVA5493619,2026-000246,2026-01-07,2026-01-07,Open,Excess GL,"7207 Smith Glens, New Ashleyton, OH 68013",5450.16,1489.98,11082.67,741.36,,,"C. Jones, (361)604-2525x17214"
CHUB,120291,DEN5393771,2026-000247,2026-01-07,2026-01-10,Open,Excess Auto,"5455 Harmon Ridge, West Laurenstad, WV 76937",3660.06,1885.89,9722.56,1144.88,,,"B. Esparza, 7127282677"
TRAV,120200,UZM5317589,2026-000248,2026-01-07,2026-01-08,Closed,Collision,"814 Marie Manor, North Michelle, OH 22724",1526.76,153.21,0.0,0.0,2026-01-23,,"M. Gibbs, 3313185957"
LIBM,120270,BCB6165334,2026-000249,2026-01-10,2026-01-11,Open,Collision,"80986 Ruiz Loaf Apt. 043, West Desireefort, OR 75148",288.4,92.82,450.18,111.65,,,"K. Wiggins, (269)399-1891x956"
HART,120120,NMG3424313,2026-000250,2026-01-11,2026-01-11,Open,Collision,"74253 Stone Branch Suite 710, North Courtneyfurt, MO 43403",502.45,174.5,605.32,124.62,,,"A. Briggs, 615.481.2229x36716"
NATI,120183,FZD3702113,2026-000251,2026-01-12,2026-01-12,Open,Collision,"235 David Spring, West Emilyshire, MD 37443",1748.58,776.19,3897.75,872.02,,,"T. Cole, 845-934-6022"
AMFA,120219,UAS4893793,2026-000252,2026-01-12,2026-01-12,Closed,Burglary,"0251 Justin Dale, Lake Amberchester, NC 82549",1765.88,301.64,0.0,0.0,2026-01-30,,"M. Huber, +1-601-219-8168x62970"
ALLS,120252,ZAD1588890,2026-000253,2026-01-14,2026-01-15,Open,Wind/Hail,"4065 Ellison Keys Suite 424, South Erika, AZ 45194",143.04,85.19,1151.9,59.51,,,"D. Villanueva, 365.952.8774x9967"
LIBM,120221,NGD6856815,2026-000254,2026-01-14,2026-01-15,Open,Collision,"577 Gardner Motorway Suite 146, Orozcoville, NM 67624",767.62,106.07,976.29,181.81,,,"A. Vasquez, 464-416-0847"
CHUB,120055,YBU7101013,2026-000255,2026-01-14,2026-01-14,Open,Fire,"645 Howard Fall Suite 371, South Kevinton, WI 43873",499.5,64.69,974.82,9.02,,,"S. Williams, (288)946-5204x86919"
HART,120046,ELY1905229,2026-000256,2026-01-17,2026-01-19,Closed,Collision,"37833 Crosby Drives, South Sean, SD 46267",2753.4,689.34,0.0,0.0,2026-04-01,,"M. Keller, 828.650.3966x6362"
ALLS,120237,RUP6069804,2026-000257,2026-01-18,2026-01-19,Closed,Comprehensive Theft,"94769 Mariah Street, Lake Angela, RI 32273",6825.0,1560.44,0.0,0.0,2026-01-30,,"M. Johnson, +1-743-879-6419x794"
CHUB,120257,VDR7644117,2026-000258,2026-01-18,2026-01-19,Open,Excess Auto,"832 Richardson Path Suite 194, West Williamshire, MO 40471",15044.49,4537.57,50421.21,3810.82,,,"V. Snow, (704)683-9441x094"
ALLS,120196,DPS0490886,2026-000259,2026-01-19,2026-01-20,Open,Fire,"3863 Morgan Grove Suite 427, Morganside, OK 14440",403.67,395.21,2116.55,205.38,,,"M. Rodriguez, 469.260.3233x69602"
AMFA,120240,GJL9603936,2026-000260,2026-01-20,2026-01-20,Open,Wind/Hail,"84126 Mario Mission, Port Lauramouth, VA 90202",1368.61,683.35,3297.04,356.66,,,"M. Williams, 617-937-6656"
TRAV,120248,NCR9787134,2026-000261,2026-01-21,2026-01-21,Open,Liability BI/PD,"49299 Willis Pine Apt. 869, Bryantmouth, VI 23806",488.58,243.38,1398.42,117.32,,,"D. Palmer, +1-474-217-8581x81759"
TRAV,120179,CVF1700421,2026-000262,2026-01-22,2026-01-22,Open,Liability BI/PD,"80948 Ortega Ramp, East Jamieland, CA 94949",297.95,31.77,422.68,30.47,,,"R. Swanson, 877-791-1078"
PRGS,120061,MLA0478021,2026-000263,2026-01-23,2026-01-23,Open,Wind/Hail,"861 David Manor Apt. 442, Andrewside, PA 96443",777.73,129.33,847.79,95.45,,,"H. Raymond, 511.836.3908x408"
LIBM,120018,AMJ3976127,2026-000264,2026-01-25,2026-01-25,Open,Collision,"966 April Ways Apt. 427, New Benjaminfort, AS 83861",380.22,106.56,409.26,52.48,,,"A. Williams, +1-611-304-5191x539"
CHUB,120089,UFX3140916,2026-000265,2026-01-26,2026-01-26,Closed,Collision,"7237 Rojas Curve Apt. 948, Campbellstad, NJ 42638",1861.06,360.61,0.0,0.0,2026-04-01,,"L. Ramsey, +1-594-579-6667x322"
TRAV,120179,CVF1700421,2026-000266,2026-01-26,2026-01-26,Closed,Collision,"70009 Solis Grove Apt. 545, Smithland, CA 73259",1044.45,183.52,0.0,0.0,2026-04-01,,"H. Frederick, 305-718-4673x34339"
GEIC,120155,VSE2079320,2026-000267,2026-01-27,2026-01-28,Closed,Slip/Fall,"885 Mary Springs, West Paulville, PR 50711",25669.98,5417.86,0.0,0.0,2026-02-14,,"W. Medina, 725-592-1549x557"
CHUB,120147,TSZ1864103,2026-000268,2026-01-29,2026-01-31,Open,Collision,"138 Jacqueline Neck Apt. 333, Stephenfort, UT 48713",458.62,52.94,270.94,35.74,,,"E. Conner, (255)591-6001x46497"
ALLS,120067,DHJ3857607,2026-000269,2026-01-31,2026-01-31,Open,Fire,"8035 Lee Burg Suite 671, South Dianamouth, PR 03737",931.52,561.79,3888.92,379.35,,,"M. Anderson, 4652771454"
AMFA,120214,FPG7258879,2026-000270,2026-01-31,2026-01-31,Open,Collision,"03466 Castro Villages Apt. 132, Port Tanyabury, WA 91955",954.02,224.58,1396.64,188.0,,,"S. Wilson, 001-717-925-9699x5234"
AMFA,120129,LLP9122717,2026-000271,2026-02-01,2026-02-02,Closed,Collision,"6453 Ortiz Station, Lake Jenniferbury, TN 67465",3472.49,864.02,0.0,0.0,2026-04-01,,"A. Hanson, 865.868.7847x2227"
AMFA,120145,VMX1513798,2026-000272,2026-02-01,2026-02-02,Open,Wind/Hail,"814 Pratt Canyon Apt. 109, Williamview, NH 78016",2618.34,1717.75,5095.48,349.65,,,"B. Barnes, 001-697-833-2221x966"
CHUB,120090,LPX6166826,2026-000273,2026-02-03,2026-02-04,Open,Wind/Hail,"075 Kristin Drives, Thomashaven, WA 67802",294.7,399.02,2368.81,141.52,,,"D. Porter, 001-632-333-3262x6599"
LIBM,120144,ATN8785023,2026-000274,2026-02-04,2026-02-06,Open,Burglary,"933 Johnson Knoll, South Josephside, NV 98443",1526.49,160.98,902.42,116.83,,,"J. Reed, 548-804-5213x8050"
PRGS,120272,JHS3912176,2026-000275,2026-02-05,2026-02-05,Open,Liability BI/PD,"0313 Delacruz Unions, Harrisborough, OR 64881",512.99,338.09,1416.05,179.41,,,"J. Meza, 001-362-205-8029x98878"
FARM,120270,LAS1870985,2026-000276,2026-02-06,2026-02-06,Open,Collision,"4601 Katherine Dam Apt. 406, Adamsstad, MD 88356",1494.33,573.82,4924.73,805.71,,,"M. Faulkner, (212)879-5149"
GEIC,120187,EVU9500994,2026-000277,2026-02-07,2026-02-07,Open,Collision,"5895 Katherine Well, South Johnhaven, WY 28667",1498.41,138.91,3009.65,86.49,,,"K. Taylor, +1-906-841-3244x02824"
PRGS,120273,WHF6144877,2026-000278,2026-02-09,2026-02-10,Closed,Wind/Hail,"144 Sanchez Flats, Port Teresa, IL 58148",1320.39,234.3,0.0,0.0,2026-04-01,,"D. Nguyen, 5553193593"
NATI,120269,YLE2373859,2026-000279,2026-02-10,2026-02-11,Closed,Cut/Puncture,"161 Tyler Corner, Daniellefort, PA 81166",27768.52,1899.02,0.0,0.0,2026-03-30,,"T. Gilbert, 8494967006"
PRGS,120240,MTJ5018649,2026-000280,2026-02-11,2026-02-14,Open,Strain/Sprain,"697 George Prairie, Sarahfurt, VI 45559",2089.51,523.78,1552.34,317.3,,,"M. Jackson, 001-430-632-0391"
PRGS,120244,YNP9639539,2026-000281,2026-02-12,2026-02-13,Closed,Glass,"318 Kevin Trafficway Apt. 658, Dayside, NJ 81713",17128.77,3280.55,0.0,0.0,2026-04-01,,"S. Fisher, 001-474-584-9877x93400"
CHUB,120094,YRS6070897,2026-000282,2026-02-12,2026-02-12,Open,Wind/Hail,"5260 Alisha Port, Williamland, MS 44531",43.0,95.55,817.07,44.38,,,"M. Quinn, (232)898-5992x8973"
NATI,120243,NAR1581440,2026-000283,2026-02-13,2026-02-13,Closed,Liability BI/PD,"971 Williams Green Apt. 493, Ashleystad, AS 05003",2770.95,422.84,0.0,0.0,2026-03-28,,"J. West, (349)786-9761"
FARM,120207,LCU5286508,2026-000284,2026-02-13,2026-02-13,Open,Collision,"497 Butler Radial, New Sophia, AZ 84535",1927.74,260.44,1550.25,55.23,,,"R. Anderson, +1-919-881-1814x245"
GEIC,120010,PFG3984115,2026-000285,2026-02-15,2026-02-15,Open,Excess HO,"908 Patricia Passage, Lesliefurt, VT 75437",5505.63,1354.94,8608.67,1013.0,,,"J. Green, 397-482-9468"
HART,120197,RST2668105,2026-000286,2026-02-17,2026-02-19,Open,Collision,"91104 Willis Station, North Joshua, PR 17209",344.66,91.34,613.73,84.32,,,"C. Conway, 397.883.2681x262"
GEIC,120095,EBA0972129,2026-000287,2026-02-17,2026-02-18,Open,Excess GL,"091 Randolph Ridge, Guerrerofort, AK 17110",2600.81,1123.61,4379.47,339.3,,,"D. Copeland, 214.730.1581x6151"
TRAV,120140,JGE9383551,2026-000288,2026-02-18,2026-02-22,Reopened,Collision,"6016 Gregory Cove Suite 749, New Lauraville, MS 47667",1001.72,214.64,885.43,214.16,2026-03-11,2026-04-01,"A. Perez, 3137674656"
AMFA,120213,ZVC4516023,2026-000289,2026-02-18,2026-02-18,Closed,Comprehensive Theft,"5868 Tracy Squares Apt. 801, New Jill, MS 56738",3699.09,412.62,0.0,0.0,2026-04-01,,"J. Whitehead, (482)237-8242x94451"
ALLS,120266,SXW6749167,2026-000290,2026-02-18,2026-02-22,Closed,Wind/Hail,"2597 Shannon Divide, South Hollyshire, MA 01198",11619.5,1798.89,0.0,0.0,2026-03-16,,"C. Conrad, 866.464.1313"
TRAV,120266,HMB4646110,2026-000291,2026-02-21,2026-02-21,Closed,Collision,"965 Jacqueline Square Suite 119, Curtismouth, SC 67731",998.51,176.01,0.0,0.0,2026-02-28,,"D. Allen, (446)914-7134"
LIBM,120083,PJD0009971,2026-000292,2026-02-22,2026-02-24,Open,Collision,"2071 Brooks Valley Suite 064, Huntchester, DC 81449",101.82,14.85,297.07,18.6,,,"B. Adkins, +1-247-725-3184x0705"
GEIC,120114,LXJ5241619,2026-000293,2026-02-24,2026-02-24,Open,Weather,"377 Daniels Valley Suite 115, Bradyhaven, AL 72541",237.09,154.06,811.15,63.26,,,"J. Phillips, 216.208.7061"
HART,120252,ZZT2739237,2026-000294,2026-02-25,2026-02-28,Open,Wind/Hail,"09843 Brown Junction, New Traci, OK 77299",2299.59,167.63,1524.33,89.03,,,"W. Stevens, 9917048660"
PRGS,120125,CYV0477121,2026-000295,2026-02-27,2026-02-27,Closed,Collision,"7205 Miller Pine Apt. 817, Gonzaleztown, FM 79813",5109.84,1168.56,0.0,0.0,2026-04-01,,"D. Anderson, (598)469-1632"
ALLS,120280,BXG5239253,2026-000296,2026-02-28,2026-02-28,Closed,Water (non-flood),"465 Rachel Curve Apt. 929, Thompsonfort, NC 08357",3829.27,276.48,0.0,0.0,2026-03-10,,"A. Vasquez, 001-668-246-3486"
TRAV,120257,EXV1801931,2026-000297,2026-03-02,2026-03-03,Closed,Collision,"439 Gross Street Suite 225, Hartton, ID 06787",951.86,174.16,0.0,0.0,2026-04-01,,"L. Price, 567.682.3964"
PRGS,120230,WVM3168572,2026-000298,2026-03-02,2026-03-05,Open,Collision,"3425 Smith Drive Apt. 606, West Jesusland, WY 52069",537.52,128.84,766.45,117.14,,,"D. Spears, (511)726-0715"
PRGS,120072,JVX9287172,2026-000299,2026-03-04,2026-03-05,Open,Comprehensive Theft,"01822 Ashley Valleys, Courtneyshire, AR 11603",1427.04,198.35,1502.37,113.01,,,"R. Lane, 001-793-652-5202x06228"
PRGS,120039,FXY2529455,2026-000300,2026-03-04,2026-03-05,Closed,Collision,"070 Becker Orchard, South Kayleehaven, MS 18006",5193.36,925.55,0.0,0.0,2026-04-01,,"M. Clark, +1-953-520-3393x26146"
NATI,120137,MRT5734869,2026-000301,2026-03-04,2026-03-04,Open,Weather,"95219 Curtis Fords Suite 478, North Michelebury, OH 66122",65.06,38.82,184.9,12.11,,,"E. Reed, 261.516.9067x04419"
NATI,120179,TWH8202235,2026-000302,2026-03-05,2026-03-10,Open,Glass,"273 Matthew Oval Suite 051, Russellborough, MO 65419",508.3,81.67,731.92,127.68,,,"J. Maxwell, 001-751-343-2555x7459"
CHUB,120178,KAZ2474654,2026-000303,2026-03-05,2026-03-05,Open,Weather,"345 Herman Square, Jodiburgh, TN 63340",532.74,134.16,638.69,51.32,,,"E. Fox, 214-346-9426x40572"
NATI,120221,BMW2387402,2026-000304,2026-03-06,2026-03-06,Open,Fire,"30664 John Lake, Port Benjaminberg, DC 80196",1505.4,701.19,2731.61,493.0,,,"M. Williams, 001-454-299-6107"
TRAV,120080,PZK1785840,2026-000305,2026-03-07,2026-03-08,Open,Water (non-flood),"396 Kenneth Valleys Apt. 730, Port Ianmouth, HI 86714",353.6,183.79,882.82,132.77,,,"M. Ramos, +1-679-349-9977"
PRGS,120056,BGG4718578,2026-000306,2026-03-12,2026-03-15,Open,Wind/Hail,"06385 Davenport Port Apt. 373, Lake Mariobury, NC 52054",262.54,88.85,512.83,77.8,,,"M. Mccann, 284-768-0611x274"
NATI,120275,JXB7077706,2026-000307,2026-03-13,2026-03-16,Open,Collision,"307 Laura Station Suite 747, Port Tamishire, NY 04108",1199.98,345.49,2076.99,125.09,,,"D. Gilbert, 514.227.7594x5970"
CHUB,120168,XCX3801695,2026-000308,2026-03-13,2026-03-14,Open,Liability BI/PD,"693 Peterson Corners Suite 849, Alvaradoside, VI 12529",881.34,158.34,1164.35,102.4,,,"K. Brown, 001-264-740-1390x1007"
LIBM,120192,MAX7962527,2026-000309,2026-03-14,2026-03-14,Open,Glass,"18755 Collier Cape, West Brittney, TN 03869",205.13,114.45,541.77,91.75,,,"L. Grant, 001-944-795-9096x590"
TRAV,120160,NXG3796157,2026-000310,2026-03-15,2026-03-15,Closed,Collision,"56574 Houston Fort Apt. 854, Christopherview, CT 27039",5457.62,625.19,0.0,0.0,2026-04-01,,"D. Manning, 718-617-4559x167"
GEIC,120202,VUW2080023,2026-000311,2026-03-15,2026-03-15,Closed,Water (non-flood),"13807 Snow Unions Apt. 141, Juanhaven, VT 15876",3587.1,1053.56,0.0,0.0,2026-04-01,,"J. Blake, 227.578.6845"
LIBM,120264,DDM8378583,2026-000312,2026-03-17,2026-03-20,Open,Collision,"13281 Mary Forks Suite 540, Alexanderberg, IL 77163",514.77,323.22,3526.19,494.53,,,"A. Rich, (469)595-4980x468"
ALLS,120136,UYZ1392359,2026-000313,2026-03-18,2026-03-20,Open,Collision,"2180 Mary Centers Apt. 672, West Hannahside, WY 05202",2829.93,396.47,5266.27,509.76,,,"A. Elliott, 9217494999"
CHUB,120275,GJT1583894,2026-000314,2026-03-19,2026-03-19,Open,Glass,"9418 Robinson Fords Suite 499, North Nathanborough, SC 89059",862.59,320.18,871.59,87.07,,,"J. Flores, +1-971-872-9610x457"
LIBM,120265,AUK1136362,2026-000315,2026-03-19,2026-03-19,Open,Wind/Hail,"1493 Lisa Park Suite 437, South Ericaside, IA 32620",2860.9,2158.59,10328.98,2010.89,,,"L. Fuentes, 9843285823"
PRGS,120006,RDZ4973256,2026-000316,2026-03-20,2026-03-20,Closed,Glass,"2064 Nicholas Dam Suite 114, Hallfort, MN 50208",1719.5,248.44,0.0,0.0,2026-04-01,,"D. Garcia, +1-596-412-3451x815"
LIBM,120270,MBP2384450,2026-000317,2026-03-22,2026-03-22,Open,Comprehensive Theft,"2598 Reynolds Underpass, Carrieburgh, PA 83073",749.99,142.36,607.14,97.81,,,"M. Mitchell, (828)598-6232"
HART,120296,HVG3092660,2026-000318,2026-03-22,2026-03-25,Open,Glass,"7220 John Land, North Carlland, AR 17890",285.18,73.11,730.49,71.49,,,"W. Poole, 700.838.5148x85098"
PRGS,120238,DRP0254871,2026-000319,2026-03-26,2026-03-27,Open,Glass,"415 Miller Shoal, South Richard, AL 53914",1248.62,325.84,1806.31,58.18,,,"J. Campbell, +1-683-926-0059x71845"
GEIC,120048,TFU0395558,2026-000320,2026-03-28,2026-03-29,Open,Burglary,"980 Jessica Ways Suite 787, West Barbaraburgh, NH 64369",5951.31,2054.22,6308.46,416.39,,,"K. Ryan, 498.943.7805x632"
CHUB,120275,WRE9382209,2026-000321,2026-03-28,2026-03-29,Closed,Liability BI/PD,"19312 Ellis Point Suite 256, Mcclainfurt, PR 57159",291.67,16.68,0.0,0.0,2026-04-01,,"T. Baker, 801-209-1523"
PRGS,120046,ZZW3354454,2026-000322,2026-03-31,2026-03-31,Open,Excess HO,"406 Dwayne Land Suite 175, Cynthiafurt, FL 51220",2965.74,2716.41,10137.05,879.22,,,"L. Payne, (296)821-0777"
