AgentCode,PeriodStart,PeriodEnd,RetentionRate,LossRatio,CommissionRatio,RewrittenPolicyRatio,EarnedPremium,IncurredLoss,CommissionAmount,CommissionWrittenPremium,EligibleForRenewal,Renewals,PoliciesActive,NewCount,RewriteCount
120000,2025-04-01,2026-03-31,0.86,0.36,0.13,0.0,43909.76,15784.33,5617.71,43909.76,14,12,14,2,0
120001,2025-04-01,2026-03-31,0.5,0.0,0.11,0.0,11460.55,0.0,1259.5,11460.55,6,3,6,3,0
120002,2025-04-01,2026-03-31,0.33,0.0,0.11,0.0,14641.7,0.0,1485.85,14010.18,9,3,9,5,0
120003,2025-04-01,2026-03-31,1.0,0.0,0.1,,16952.06,0.0,1685.21,16952.06,4,4,4,0,0
120004,2025-04-01,2026-03-31,0.59,0.46,0.14,0.0,65350.01,29809.4,4996.55,35350.01,17,10,17,6,0
120005,2025-04-01,2026-03-31,0.67,0.29,0.12,0.0,16214.92,4628.52,1980.5,16214.92,6,4,6,2,0
120006,2025-04-01,2026-03-31,0.38,0.04,0.11,0.0,44219.82,1719.5,3479.0,32333.600000000002,13,5,13,6,0
120007,2025-04-01,2026-03-31,0.38,0.0,0.12,0.0,16845.28,0.0,2076.31,16845.28,8,3,8,5,0
120008,2025-04-01,2026-03-31,0.64,0.0,0.15,0.0,28084.69,0.0,4128.88,27536.8,14,9,14,3,0
120009,2025-04-01,2026-03-31,0.9,0.0,0.14,0.0,28365.34,0.0,3967.1,28365.34,10,9,10,1,0
120010,2025-04-01,2026-03-31,0.58,0.53,0.13,0.0,30723.989999999998,16330.849999999999,3998.3,30417.02,12,7,12,4,0
120011,2025-04-01,2026-03-31,0.43,0.0,0.12,0.0,23319.4,0.0,2625.11,22166.440000000002,14,6,14,6,0
120012,2025-04-01,2026-03-31,0.67,0.04,0.11,0.0,23467.53,960.71,2507.21,23012.2,12,8,12,3,0
120013,2025-04-01,2026-03-31,0.69,0.04,0.11,0.0,43703.06,1738.9499999999998,4235.94,40209.1,13,9,13,3,0
120014,2025-04-01,2026-03-31,0.4,0.45,0.14,0.0,42508.06,19037.09,5894.16,42508.06,15,6,15,9,0
120015,2025-04-01,2026-03-31,0.5,0.41,0.1,0.0,34194.46,14000.63,2136.25,20783.51,12,6,12,4,0
120016,2025-04-01,2026-03-31,0.33,0.0,0.13,0.0,9113.369999999999,0.0,1102.3,8782.529999999999,6,2,6,3,0
120017,2025-04-01,2026-03-31,0.75,0.0,0.15,0.0,30656.670000000002,0.0,3798.72,25102.02,12,9,12,1,0
120018,2025-04-01,2026-03-31,0.55,0.02,0.1,0.0,36401.08,789.48,3220.41,31139.1,11,6,11,3,0
120019,2025-04-01,2026-03-31,0.8,0.38,0.14,0.0,39496.44,14829.66,5457.05,39077.1,10,8,10,1,0
120020,2025-04-01,2026-03-31,0.78,0.04,0.14,0.0,22525.03,904.43,2902.12,20758.440000000002,9,7,9,1,0
120021,2025-04-01,2026-03-31,0.56,0.0,0.12,0.0,32053.68,0.0,2534.55,20858.1,9,5,9,3,0
120022,2025-04-01,2026-03-31,0.57,0.0,0.1,0.0,28273.640000000003,0.0,2813.94,28055.06,7,4,7,2,0
120023,2025-04-01,2026-03-31,0.6,0.0,0.11,0.0,38313.6,0.0,3732.82,32764.38,10,6,10,1,0
120024,2025-04-01,2026-03-31,0.67,1.08,0.13,0.0,14576.32,15718.01,1944.0900000000001,14576.32,6,4,6,2,0
120025,2025-04-01,2026-03-31,0.73,0.57,0.13,0.0,34850.1,20011.79,2739.87,20596.79,11,8,11,2,0
120026,2025-04-01,2026-03-31,0.64,0.4,0.12,0.0,23471.510000000002,9482.85,2711.46,22910.89,11,7,11,3,0
120027,2025-04-01,2026-03-31,0.4,0.0,0.11,0.0,31275.17,0.0,1960.1599999999999,17159.38,10,4,10,5,0
120028,2025-04-01,2026-03-31,0.69,0.03,0.14,0.5,62504.36,1884.42,8516.95,62351.05,13,9,13,2,1
120029,2025-04-01,2026-03-31,0.6,0.0,0.12,0.0,15744.21,0.0,1737.46,14782.72,10,6,10,2,0
120030,2025-04-01,2026-03-31,0.62,0.04,0.14,0.0,21649.15,795.15,2852.62,21022.68,13,8,13,4,0
120031,2025-04-01,2026-03-31,0.75,0.0,0.12,0.0,8450.01,0.0,1016.79,8450.01,4,3,4,1,0
120032,2025-04-01,2026-03-31,0.62,0.05,0.13,0.0,9353.759999999998,434.96000000000004,1058.17,8402.45,8,5,8,1,0
120033,2025-04-01,2026-03-31,0.62,0.06,0.11,0.0,45842.83,2669.0200000000004,4984.4,45842.83,13,8,13,5,0
120034,2025-04-01,2026-03-31,0.5,0.0,0.16,0.33,27146.670000000002,0.0,4021.71,25646.72,14,7,14,3,1
120035,2025-04-01,2026-03-31,0.57,0.0,0.15,0.0,15431.35,0.0,2272.08,15431.35,7,4,7,3,0
120036,2025-04-01,2026-03-31,0.2,0.0,0.12,0.0,24126.91,0.0,1647.99,13636.23,10,2,10,6,0
120037,2025-04-01,2026-03-31,0.61,0.0,0.12,0.17,83506.88,0.0,9894.630000000001,83506.88,18,11,18,6,1
120038,2025-04-01,2026-03-31,0.64,0.0,0.13,0.0,53351.81,0.0,5055.92,39648.01,14,9,14,2,0
120039,2025-04-01,2026-03-31,0.5,0.28,0.12,0.0,23472.26,6491.209999999999,2776.58,23472.26,8,4,8,4,0
120040,2025-04-01,2026-03-31,0.38,0.0,0.09,0.0,14938.66,0.0,1360.31,14485.86,8,3,8,4,0
120041,2025-04-01,2026-03-31,0.5,0.71,0.12,0.0,22216.25,15707.9,2390.27,20501.0,14,7,14,3,0
120042,2025-04-01,2026-03-31,0.6,1.38,0.14,0.0,15038.78,20684.73,1583.1100000000001,11527.130000000001,10,6,10,2,0
120043,2025-04-01,2026-03-31,0.64,0.0,0.1,0.0,36676.54,0.0,3793.42,36436.229999999996,11,7,11,3,0
120044,2025-04-01,2026-03-31,0.79,2.24,0.13,0.0,40492.05,90593.51999999999,2865.9700000000003,22709.24,14,11,14,1,0
120045,2025-04-01,2026-03-31,0.5,2.75,0.1,0.0,13307.86,36576.89,1364.05,13307.86,6,3,6,3,0
120046,2025-04-01,2026-03-31,0.4,3.04,0.1,0.0,8181.389999999999,24881.879999999997,793.36,7763.0,5,2,5,2,0
120047,2025-04-01,2026-03-31,0.42,0.13,0.13,0.25,36341.54,4694.53,3613.25,27085.86,12,5,12,4,1
120048,2025-04-01,2026-03-31,0.67,0.35,0.12,0.0,35251.69,12259.77,3250.94,28257.190000000002,12,8,12,2,0
120049,2025-04-01,2026-03-31,0.8,0.0,0.16,0.0,21165.11,0.0,3415.1600000000003,21165.11,5,4,5,1,0
120050,2025-04-01,2026-03-31,0.58,0.0,0.12,0.0,27115.309999999998,0.0,2819.11,23551.06,12,7,12,4,0
120051,2025-04-01,2026-03-31,0.67,0.0,0.12,0.0,10567.470000000001,0.0,1280.8,10567.470000000001,6,4,6,2,0
120052,2025-04-01,2026-03-31,0.5,1.7,0.14,0.0,18640.58,31701.61,2087.66,14731.92,10,5,10,3,0
120053,2025-04-01,2026-03-31,0.83,2.09,0.12,0.0,44863.42,93546.26000000001,3610.38,31386.71,12,10,12,1,0
120054,2025-04-01,2026-03-31,0.5,0.0,0.16,0.0,9082.1,0.0,1414.0400000000002,8761.31,4,2,4,1,0
120055,2025-04-01,2026-03-31,0.67,0.28,0.12,0.0,5344.68,1474.3200000000002,663.49,5344.68,3,2,3,1,0
120056,2025-04-01,2026-03-31,0.7,0.24,0.11,0.0,47745.07,11468.43,5263.05,47745.07,10,7,10,3,0
120057,2025-04-01,2026-03-31,0.43,0.0,0.15,0.33,26071.14,0.0,3885.69,26071.14,7,3,7,3,1
120058,2025-04-01,2026-03-31,0.54,0.0,0.14,0.25,29374.059999999998,0.0,4126.21,28989.649999999998,13,7,13,4,1
120059,2025-04-01,2026-03-31,0.5,0.0,0.1,0.0,18009.43,0.0,1773.69,17425.010000000002,8,4,8,3,0
120060,2025-04-01,2026-03-31,0.79,0.36,0.12,0.0,41697.350000000006,15110.22,5025.22,41697.350000000006,14,11,14,3,0
120061,2025-04-01,2026-03-31,0.69,0.53,0.13,0.0,29910.54,15723.39,3917.98,29159.5,13,9,13,2,0
120062,2025-04-01,2026-03-31,0.57,0.0,0.11,0.0,12560.0,0.0,1431.01,12560.0,7,4,7,3,0
120063,2025-04-01,2026-03-31,0.6,0.0,0.13,0.0,21880.94,0.0,2836.32,21430.75,10,6,10,3,0
120064,2025-04-01,2026-03-31,0.5,0.0,0.11,0.0,42804.52,0.0,4595.99,41047.27,12,6,12,4,0
120065,2025-04-01,2026-03-31,0.38,0.16,0.13,0.25,31849.22,5121.1,3669.66,27935.56,13,5,13,4,1
120066,2025-04-01,2026-03-31,0.77,0.48,0.12,0.0,37578.92,17993.46,4445.0,37344.28,13,10,13,2,0
120067,2025-04-01,2026-03-31,0.67,1.14,0.13,0.0,16418.87,18790.370000000003,2202.17,16418.87,6,4,6,2,0
120068,2025-04-01,2026-03-31,0.5,0.0,0.11,0.0,17717.29,0.0,2037.37,17717.29,6,3,6,3,0
120069,2025-04-01,2026-03-31,0.67,0.0,0.13,0.0,33247.33,0.0,3340.6,26211.11,12,8,12,3,0
120070,2025-04-01,2026-03-31,0.6,5.49,0.12,0.0,14973.29,82188.62,1598.81,13454.71,10,6,10,2,0
120071,2025-04-01,2026-03-31,0.5,0.05,0.11,0.0,42974.92,2253.66,4840.83,42974.92,12,6,12,6,0
120072,2025-04-01,2026-03-31,0.5,0.19,0.1,0.0,28540.39,5453.9400000000005,2748.73,28540.39,10,5,10,5,0
120073,2025-04-01,2026-03-31,0.71,0.0,0.12,,19486.79,0.0,2058.08,17821.97,7,5,7,0,0
120074,2025-04-01,2026-03-31,0.4,0.29,0.11,0.25,40915.4,11984.33,4211.280000000001,37915.4,10,4,10,4,1
120075,2025-04-01,2026-03-31,0.5,0.0,0.16,0.0,20666.11,0.0,3056.73,19367.739999999998,10,5,10,2,0
120076,2025-04-01,2026-03-31,0.5,0.0,0.12,0.0,10672.77,0.0,836.18,7032.2300000000005,6,3,6,2,0
120077,2025-04-01,2026-03-31,0.89,0.0,0.12,,24879.42,0.0,2895.58,24479.690000000002,9,8,9,0,0
120078,2025-04-01,2026-03-31,0.57,0.67,0.12,0.0,21840.62,14645.38,2492.31,21294.59,7,4,7,2,0
120079,2025-04-01,2026-03-31,0.25,0.21,0.11,0.0,5974.23,1279.78,590.23,5308.49,4,1,4,2,0
120080,2025-04-01,2026-03-31,0.58,1.01,0.13,0.0,25159.17,25408.32,2566.86,20438.26,12,7,12,3,0
120081,2025-04-01,2026-03-31,0.5,0.0,0.11,0.33,26369.11,0.0,2889.03,26194.920000000002,10,5,10,3,1
120082,2025-04-01,2026-03-31,1.0,0.26,0.11,,16441.0,4321.14,1869.27,16441.0,5,5,5,0,0
120083,2025-04-01,2026-03-31,0.57,0.03,0.13,0.0,23504.11,808.64,2898.09,22733.22,14,8,14,5,0
120084,2025-04-01,2026-03-31,0.62,0.0,0.12,0.0,20206.09,0.0,1256.64,10712.09,8,5,8,1,0
120085,2025-04-01,2026-03-31,0.75,0.11,0.13,0.0,10518.119999999999,1187.34,1351.12,10518.119999999999,8,6,8,2,0
120086,2025-04-01,2026-03-31,0.44,0.14,0.12,0.0,23089.18,3174.1,1914.82,15579.53,9,4,9,2,0
120087,2025-04-01,2026-03-31,0.6,0.18,0.12,0.0,23401.85,4325.11,1031.38,8453.5,5,3,5,1,0
120088,2025-04-01,2026-03-31,0.58,0.16,0.13,0.0,24548.29,4043.35,2598.3,19761.22,12,7,12,2,0
120089,2025-04-01,2026-03-31,0.44,0.1,0.13,0.0,19251.62,1861.06,1605.8500000000001,12604.689999999999,9,4,9,2,0
120090,2025-04-01,2026-03-31,0.7,0.19,0.1,0.0,40469.509999999995,7741.51,3896.4300000000003,37469.509999999995,10,7,10,2,0
120091,2025-04-01,2026-03-31,0.62,0.0,0.15,0.0,23982.47,0.0,2328.7200000000003,15104.26,8,5,8,1,0
120092,2025-04-01,2026-03-31,0.69,0.13,0.11,0.0,66496.7,8737.01,7569.33,65948.89,16,11,16,4,0
120093,2025-04-01,2026-03-31,0.36,0.2,0.13,0.2,26105.47,5223.860000000001,3231.21,25690.62,11,4,11,5,1
120094,2025-04-01,2026-03-31,0.44,0.07,0.14,0.0,12272.57,860.07,1566.38,11379.03,9,4,9,3,0
120095,2025-04-01,2026-03-31,0.56,0.17,0.11,0.0,41278.729999999996,6980.280000000001,4614.17,40238.94,18,10,18,5,0
120096,2025-04-01,2026-03-31,0.5,0.66,0.13,0.0,11666.84,7744.43,1392.4,10900.81,8,4,8,2,0
120097,2025-04-01,2026-03-31,0.71,0.0,0.14,0.0,67333.37,0.0,9173.18,66943.2,14,10,14,3,0
120098,2025-04-01,2026-03-31,0.73,0.06,0.13,0.0,38710.659999999996,2207.35,4899.75,38710.659999999996,11,8,11,3,0
120099,2025-04-01,2026-03-31,0.44,2.79,0.13,0.0,21373.56,59689.31,2765.78,20507.53,9,4,9,3,0
120100,2025-04-01,2026-03-31,0.62,0.03,0.12,0.0,27821.71,739.9399999999999,2940.94,24391.33,13,8,13,4,0
120101,2025-04-01,2026-03-31,0.6,0.03,0.12,0.0,22711.52,625.32,2617.23,22170.280000000002,10,6,10,2,0
120102,2025-04-01,2026-03-31,0.25,0.0,0.11,0.0,18483.08,0.0,2032.32,18483.08,4,1,4,3,0
120103,2025-04-01,2026-03-31,0.55,0.1,0.12,0.5,25975.42,2526.36,2891.18,24408.93,11,6,11,2,1
120104,2025-04-01,2026-03-31,0.6,0.17,0.12,0.0,18532.4,3115.03,2175.2599999999998,18532.4,10,6,10,4,0
120105,2025-04-01,2026-03-31,0.56,0.71,0.15,0.33,30745.1,21686.93,4563.74,30745.1,9,5,9,3,1
120106,2025-04-01,2026-03-31,0.86,0.0,0.11,,37714.49,0.0,4226.62,37252.17,7,6,7,0,0
120107,2025-04-01,2026-03-31,0.73,0.63,0.12,0.0,18079.100000000002,11341.18,2194.0299999999997,18079.100000000002,11,8,11,3,0
120108,2025-04-01,2026-03-31,0.53,1.38,0.12,0.0,32805.1,45151.48,1970.13,16886.64,15,8,15,3,0
120109,2025-04-01,2026-03-31,1.0,2.28,0.14,,37354.31,85115.91,5182.48,37354.31,8,8,8,0,0
120110,2025-04-01,2026-03-31,0.25,2.2,0.1,0.0,17588.65,38628.43,944.77,9723.49,8,2,8,4,0
120111,2025-04-01,2026-03-31,0.75,0.0,0.11,0.0,60456.409999999996,0.0,5101.5599999999995,45284.47,12,9,12,1,0
120112,2025-04-01,2026-03-31,0.5,0.05,0.13,0.0,43338.56,2108.37,1876.83,14423.96,6,3,6,1,0
120113,2025-04-01,2026-03-31,0.6,0.0,0.12,0.0,9842.11,0.0,1134.1200000000001,9842.11,5,3,5,2,0
120114,2025-04-01,2026-03-31,0.56,0.09,0.09,0.0,17489.71,1618.7,1544.9099999999999,16394.85,9,5,9,3,0
120115,2025-04-01,2026-03-31,0.36,0.0,0.14,0.0,31180.71,0.0,2770.71,20307.850000000002,14,5,14,4,0
120116,2025-04-01,2026-03-31,0.64,0.0,0.11,0.0,24909.04,0.0,2836.58,24909.04,11,7,11,4,0
120117,2025-04-01,2026-03-31,0.6,0.0,0.08,,27570.2,0.0,781.0799999999999,10379.02,5,3,5,0,0
120118,2025-04-01,2026-03-31,0.83,0.36,0.15,0.0,9149.44,3297.55,1358.17,9149.44,6,5,6,1,0
120119,2025-04-01,2026-03-31,0.5,0.04,0.1,0.0,21603.34,938.14,2070.35,21603.34,8,4,8,4,0
120120,2025-04-01,2026-03-31,0.58,0.1,0.12,0.0,29672.91,3016.74,3636.98,29672.91,12,7,12,5,0
120121,2025-04-01,2026-03-31,0.6,0.0,0.13,0.0,8826.02,0.0,1000.02,7794.030000000001,5,3,5,1,0
120122,2025-04-01,2026-03-31,0.8,0.06,0.11,0.0,34685.520000000004,2250.67,2907.4300000000003,25660.190000000002,10,8,10,1,0
120123,2025-04-01,2026-03-31,0.75,0.05,0.12,0.0,78268.61,4026.0099999999998,6701.08,57090.72,16,12,16,3,0
120124,2025-04-01,2026-03-31,0.46,0.24,0.13,0.0,28293.239999999998,6740.969999999999,3741.75,27721.85,13,6,13,6,0
120125,2025-04-01,2026-03-31,0.5,0.46,0.12,0.0,20717.9,9535.310000000001,2100.54,17717.9,8,4,8,3,0
120126,2025-04-01,2026-03-31,0.5,0.41,0.13,0.0,30796.2,12531.269999999999,3965.76,30012.86,10,5,10,3,0
120127,2025-04-01,2026-03-31,0.33,0.1,0.11,0.0,21067.67,2170.91,2380.71,20746.16,9,3,9,4,0
120128,2025-04-01,2026-03-31,0.55,0.1,0.1,0.0,26774.9,2688.98,2588.23,26774.9,11,6,11,5,0
120129,2025-04-01,2026-03-31,0.33,0.29,0.15,0.2,28056.36,8046.07,4095.9900000000002,28056.36,9,3,9,5,1
120130,2025-04-01,2026-03-31,0.5,0.13,0.16,0.0,17001.559999999998,2131.17,2582.7200000000003,16185.939999999999,6,3,6,2,0
120131,2025-04-01,2026-03-31,0.7,0.0,0.12,0.0,11561.52,0.0,1271.92,10589.47,10,7,10,1,0
120132,2025-04-01,2026-03-31,0.64,1.33,0.13,0.0,20206.989999999998,26940.54,2354.56,18327.89,11,7,11,2,0
120133,2025-04-01,2026-03-31,0.42,0.17,0.13,0.0,54891.05,9520.820000000002,6817.26,50921.15,19,8,19,8,0
120134,2025-04-01,2026-03-31,0.5,0.0,0.13,0.0,27893.12,0.0,1591.8400000000001,12432.28,10,5,10,2,0
120135,2025-04-01,2026-03-31,0.33,0.0,0.12,0.0,26052.5,0.0,2601.45,21505.67,9,3,9,5,0
120136,2025-04-01,2026-03-31,0.36,0.41,0.1,0.0,19700.33,8096.200000000001,1961.17,18883.68,11,4,11,5,0
120137,2025-04-01,2026-03-31,0.62,0.01,0.14,0.0,19700.77,249.96,2360.04,16700.77,8,5,8,2,0
120138,2025-04-01,2026-03-31,0.47,0.06,0.12,0.0,44983.48,2701.98,4559.67,37641.1,19,9,19,7,0
120139,2025-04-01,2026-03-31,0.5,0.14,0.11,0.0,38386.35,5225.05,4314.400000000001,37526.47,14,7,14,4,0
120140,2025-04-01,2026-03-31,0.6,0.14,0.11,0.0,25558.36,3580.2300000000005,2721.49,25558.36,10,6,10,4,0
120141,2025-04-01,2026-03-31,0.46,0.06,0.13,0.2,35412.26,2041.71,4682.7699999999995,35257.11,13,6,13,5,1
120142,2025-04-01,2026-03-31,0.62,0.43,0.1,0.0,39348.37,17010.7,2966.65,29700.43,8,5,8,1,0
120143,2025-04-01,2026-03-31,0.6,0.15,0.12,0.0,15321.5,2285.26,1845.46,15007.29,10,6,10,3,0
120144,2025-04-01,2026-03-31,0.33,0.28,0.11,0.2,28409.68,7874.59,2974.24,27661.79,12,4,12,5,1
120145,2025-04-01,2026-03-31,0.6,1.08,0.18,0.0,9997.85,10820.26,1708.46,9584.16,5,3,5,1,0
120146,2025-04-01,2026-03-31,0.44,0.0,0.1,0.0,12989.36,0.0,1255.51,12365.76,9,4,9,3,0
120147,2025-04-01,2026-03-31,0.4,0.36,0.12,0.0,11302.48,4035.2400000000002,1237.62,10325.18,5,2,5,1,0
120148,2025-04-01,2026-03-31,0.5,0.0,0.11,0.0,29172.489999999998,0.0,3223.49,29172.489999999998,12,6,12,6,0
120149,2025-04-01,2026-03-31,0.4,0.05,0.11,0.0,62322.96,2945.86,5125.52,46627.38,15,6,15,5,0
120150,2025-04-01,2026-03-31,0.43,0.0,0.11,0.0,16990.3,0.0,1825.7099999999998,16990.3,7,3,7,4,0
120151,2025-04-01,2026-03-31,0.75,3.24,0.12,0.0,21200.519999999997,68710.89,1893.41,15389.789999999999,8,6,8,1,0
120152,2025-04-01,2026-03-31,0.6,0.0,0.12,0.5,27330.64,0.0,3098.31,26923.07,10,6,10,2,1
120153,2025-04-01,2026-03-31,0.7,0.25,0.11,0.0,28568.34,7052.14,983.24,9085.02,10,7,10,1,0
120154,2025-04-01,2026-03-31,0.64,0.0,0.12,0.0,42895.6,0.0,4903.58,42408.65,11,7,11,3,0
120155,2025-04-01,2026-03-31,0.38,0.64,0.12,0.0,39951.94,25669.98,2414.58,19677.03,13,5,13,5,0
120156,2025-04-01,2026-03-31,0.8,0.0,0.12,,26269.93,0.0,2681.1400000000003,23104.309999999998,10,8,10,0,0
120157,2025-04-01,2026-03-31,0.29,0.0,0.11,0.0,9471.710000000001,0.0,955.95,9098.9,7,2,7,3,0
120158,2025-04-01,2026-03-31,0.7,0.01,0.11,0.0,45273.43,380.99,4950.5599999999995,45007.29,10,7,10,2,0
120159,2025-04-01,2026-03-31,0.44,0.0,0.16,0.0,23739.58,0.0,2347.21,15010.59,9,4,9,2,0
120160,2025-04-01,2026-03-31,0.5,0.46,0.12,0.0,38826.81,17755.71,4367.41,37644.3,12,6,12,3,0
120161,2025-04-01,2026-03-31,0.62,0.61,0.13,0.0,13038.66,7891.53,1648.31,13038.66,8,5,8,3,0
120162,2025-04-01,2026-03-31,0.5,0.0,0.1,0.0,21081.75,0.0,1012.4100000000001,10126.05,6,3,6,2,0
120163,2025-04-01,2026-03-31,0.64,1.3,0.13,0.0,27935.91,36240.93,3541.81,27935.91,11,7,11,4,0
120164,2025-04-01,2026-03-31,0.8,0.0,0.12,,6555.28,0.0,747.89,6214.54,5,4,5,0,0
120165,2025-04-01,2026-03-31,0.58,0.61,0.11,0.0,24389.14,14851.82,2577.43,24389.14,12,7,12,5,0
120166,2025-04-01,2026-03-31,0.64,0.0,0.12,0.0,33408.49,0.0,3045.2999999999997,25604.06,11,7,11,3,0
120167,2025-04-01,2026-03-31,0.7,0.0,0.1,0.0,33860.69,0.0,3138.37,30254.58,10,7,10,2,0
120168,2025-04-01,2026-03-31,0.56,0.15,0.09,0.0,42111.09,6480.220000000001,3617.9700000000003,42111.09,16,9,16,7,0
120169,2025-04-01,2026-03-31,0.62,0.0,0.15,0.0,23908.08,0.0,3550.7,23641.96,8,5,8,2,0
120170,2025-04-01,2026-03-31,0.54,0.0,0.11,0.0,74525.52,0.0,3566.58,33474.13,13,7,13,3,0
120171,2025-04-01,2026-03-31,0.6,0.0,0.12,0.0,15381.86,0.0,1181.16,9685.470000000001,5,3,5,1,0
120172,2025-04-01,2026-03-31,0.57,0.33,0.14,0.0,24064.5,7848.6900000000005,1924.54,13708.46,7,4,7,2,0
120173,2025-04-01,2026-03-31,0.5,0.0,0.12,0.0,17662.08,0.0,2126.34,17662.08,8,4,8,4,0
120174,2025-04-01,2026-03-31,0.5,0.58,0.14,0.0,42757.62,24760.829999999998,3975.24,29338.95,16,8,16,6,0
120175,2025-04-01,2026-03-31,0.55,0.13,0.12,0.0,22737.96,2859.62,2696.14,22301.03,11,6,11,4,0
120176,2025-04-01,2026-03-31,0.86,0.15,0.1,0.0,14079.68,2136.74,1450.17,14079.68,7,6,7,1,0
120177,2025-04-01,2026-03-31,0.53,3.48,0.1,0.0,30252.03,105168.36,2724.5699999999997,26127.89,17,9,17,6,0
120178,2025-04-01,2026-03-31,0.38,0.23,0.13,0.0,49515.51,11159.859999999999,4709.18,35839.08,13,5,13,6,0
120179,2025-04-01,2026-03-31,0.5,0.09,0.14,0.0,34132.38,3005.3,4446.94,32577.210000000003,14,7,14,4,0
120180,2025-04-01,2026-03-31,0.74,0.16,0.11,0.0,76712.69,12022.01,6141.42,56077.299999999996,19,14,19,4,0
120181,2025-04-01,2026-03-31,0.36,0.15,0.11,0.0,57317.33,8745.16,6459.45,57317.33,11,4,11,7,0
120182,2025-04-01,2026-03-31,0.5,0.0,0.11,0.5,59130.89,0.0,6166.679999999999,54618.16,10,5,10,2,1
120183,2025-04-01,2026-03-31,0.75,0.3,0.15,0.0,26024.7,7807.129999999999,4004.78,26024.7,8,6,8,2,0
120184,2025-04-01,2026-03-31,0.4,0.04,0.1,0.0,17089.27,707.83,1675.6599999999999,16372.36,10,4,10,5,0
120185,2025-04-01,2026-03-31,1.0,0.0,0.11,,12596.48,0.0,1336.95,12596.48,5,5,5,0,0
120186,2025-04-01,2026-03-31,0.71,0.0,0.11,0.0,20939.48,0.0,2361.61,20939.48,7,5,7,2,0
120187,2025-04-01,2026-03-31,0.25,0.42,0.14,0.0,10753.5,4508.06,1542.0800000000002,10753.5,4,1,4,3,0
120188,2025-04-01,2026-03-31,0.5,0.0,0.14,0.0,11077.130000000001,0.0,1499.76,11077.130000000001,6,3,6,3,0
120189,2025-04-01,2026-03-31,0.82,0.0,0.12,0.0,21612.010000000002,0.0,2678.83,21612.010000000002,11,9,11,2,0
120190,2025-04-01,2026-03-31,0.5,0.35,0.11,0.0,28098.74,9910.28,2596.15,23998.91,10,5,10,4,0
120191,2025-04-01,2026-03-31,0.7,0.13,0.12,0.0,25794.78,3258.62,3175.02,25794.78,10,7,10,3,0
120192,2025-04-01,2026-03-31,0.33,0.78,0.11,0.0,14166.43,10985.53,1482.29,13299.75,12,4,12,6,0
120193,2025-04-01,2026-03-31,0.75,0.49,0.12,0.0,33847.99,16532.83,4127.02,33333.15,12,9,12,2,0
120194,2025-04-01,2026-03-31,0.71,0.06,0.12,0.0,43066.090000000004,2634.38,5011.04,43066.090000000004,14,10,14,4,0
120195,2025-04-01,2026-03-31,0.62,0.41,0.12,0.0,16012.95,6556.14,1844.86,16012.95,8,5,8,3,0
120196,2025-04-01,2026-03-31,0.42,0.25,0.09,0.0,28010.13,7110.7,1464.71,15760.1,12,5,12,2,0
120197,2025-04-01,2026-03-31,0.43,0.05,0.12,0.0,50128.4,2409.0200000000004,2367.9,19951.88,14,6,14,5,0
120198,2025-04-01,2026-03-31,0.62,0.0,0.11,0.0,22503.73,0.0,1926.61,17708.760000000002,8,5,8,2,0
120199,2025-04-01,2026-03-31,0.2,0.0,0.13,0.0,22233.57,0.0,2801.31,21435.02,10,2,10,6,0
120200,2025-04-01,2026-03-31,0.44,0.16,0.13,0.0,20197.41,3305.67,2507.89,19426.13,9,4,9,4,0
120201,2025-04-01,2026-03-31,0.5,0.0,0.13,0.0,15560.05,0.0,1029.36,8160.1900000000005,8,4,8,2,0
120202,2025-04-01,2026-03-31,0.6,0.22,0.13,0.0,16548.58,3587.1,2061.19,15965.470000000001,10,6,10,3,0
120203,2025-04-01,2026-03-31,0.89,0.02,0.12,0.0,59838.17,1390.02,7214.01,59838.17,9,8,9,1,0
120204,2025-04-01,2026-03-31,0.73,1.86,0.11,0.0,48701.92,90410.33,5419.82,47842.11,15,11,15,2,0
120205,2025-04-01,2026-03-31,0.5,0.0,0.12,0.0,43832.759999999995,0.0,4945.39,42508.6,12,6,12,4,0
120206,2025-04-01,2026-03-31,0.29,0.0,0.11,0.0,10806.15,0.0,1159.48,10806.15,7,2,7,5,0
120207,2025-04-01,2026-03-31,0.5,0.1,0.1,0.0,33845.59,3477.99,3337.88,33845.59,6,3,6,3,0
120208,2025-04-01,2026-03-31,0.73,0.0,0.13,0.0,33410.93,0.0,3665.66,29053.55,11,8,11,2,0
120209,2025-04-01,2026-03-31,0.25,0.71,0.11,0.0,13749.73,9727.720000000001,1503.69,13376.01,8,2,8,5,0
120210,2025-04-01,2026-03-31,0.67,0.1,0.11,0.0,29408.35,2899.47,2338.32,21050.91,12,8,12,2,0
120211,2025-04-01,2026-03-31,0.56,3.43,0.12,0.0,20610.0,70625.89,2022.45,16457.17,9,5,9,2,0
120212,2025-04-01,2026-03-31,0.4,0.51,0.11,0.0,30644.489999999998,15657.130000000001,3324.14,29298.350000000002,15,6,15,6,0
120213,2025-04-01,2026-03-31,0.5,0.09,0.09,0.0,40782.64,3699.09,3769.5,39805.51,10,5,10,3,0
120214,2025-04-01,2026-03-31,0.71,0.38,0.13,0.0,9968.52,3746.88,1211.2,9653.62,7,5,7,1,0
120215,2025-04-01,2026-03-31,0.27,0.21,0.13,0.0,26095.829999999998,5440.2699999999995,2616.77,20879.379999999997,11,3,11,7,0
120216,2025-04-01,2026-03-31,0.73,0.0,0.1,0.0,25747.22,0.0,2469.49,25220.0,11,8,11,2,0
120217,2025-04-01,2026-03-31,1.0,0.26,0.16,,18889.66,4979.84,3036.94,18889.66,7,7,7,0,0
120218,2025-04-01,2026-03-31,0.64,0.01,0.12,0.0,45101.240000000005,320.52,5003.07,40352.770000000004,11,7,11,1,0
120219,2025-04-01,2026-03-31,0.7,0.07,0.1,0.0,26537.94,1765.88,2658.72,26537.94,10,7,10,3,0
120220,2025-04-01,2026-03-31,0.62,0.16,0.12,0.0,49059.54,7725.16,5800.05,48279.02,13,8,13,3,0
120221,2025-04-01,2026-03-31,0.4,1.28,0.11,0.0,18540.29,23788.73,1909.81,17696.39,10,4,10,4,0
120222,2025-04-01,2026-03-31,0.56,0.0,0.12,0.0,42094.52,0.0,4818.54,40578.229999999996,9,5,9,3,0
120223,2025-04-01,2026-03-31,0.7,3.48,0.11,0.0,36002.33,125435.25,4131.64,36002.33,10,7,10,3,0
120224,2025-04-01,2026-03-31,0.57,0.28,0.13,0.0,31519.57,8723.48,3035.0499999999997,23644.87,14,8,14,2,0
120225,2025-04-01,2026-03-31,0.67,0.0,0.13,0.0,8575.12,0.0,1047.42,8065.599999999999,6,4,6,1,0
120226,2025-04-01,2026-03-31,0.56,0.0,0.11,0.0,30119.32,0.0,3315.4800000000005,29619.59,9,5,9,3,0
120227,2025-04-01,2026-03-31,0.86,0.0,0.13,0.0,33682.25,0.0,4496.05,33682.25,7,6,7,1,0
120228,2025-04-01,2026-03-31,0.62,0.0,0.13,0.0,50809.87,0.0,5436.8,41884.31,13,8,13,3,0
120229,2025-04-01,2026-03-31,0.44,0.57,0.11,0.0,23799.79,13637.18,1233.37,11260.83,9,4,9,4,0
120230,2025-04-01,2026-03-31,0.55,0.06,0.11,0.0,20944.89,1303.97,2317.74,20714.309999999998,11,6,11,4,0
120231,2025-04-01,2026-03-31,0.67,0.0,0.11,0.5,27292.21,0.0,3074.44,27292.21,9,6,9,2,1
120232,2025-04-01,2026-03-31,0.71,0.0,0.11,0.0,12755.83,0.0,1455.56,12755.83,7,5,7,2,0
120233,2025-04-01,2026-03-31,0.71,0.97,0.14,0.0,11721.9,11374.52,1553.68,11484.16,7,5,7,1,0
120234,2025-04-01,2026-03-31,0.67,0.0,0.12,0.0,36502.31,0.0,3650.2,29935.32,9,6,9,2,0
120235,2025-04-01,2026-03-31,0.43,0.0,0.12,0.0,15263.85,0.0,1768.46,15263.85,7,3,7,4,0
120236,2025-04-01,2026-03-31,0.56,0.3,0.14,0.0,18866.19,5605.79,2556.38,18866.19,9,5,9,4,0
120237,2025-04-01,2026-03-31,0.5,0.58,0.12,0.0,14261.58,8221.7,1674.42,14095.980000000001,6,3,6,2,0
120238,2025-04-01,2026-03-31,0.42,0.34,0.12,0.0,41025.64,13972.61,4827.66,40455.54,12,5,12,6,0
120239,2025-04-01,2026-03-31,0.7,0.0,0.12,0.0,18317.8,0.0,2197.59,18317.8,10,7,10,3,0
120240,2025-04-01,2026-03-31,1.0,0.45,0.1,,28643.63,13009.36,2761.5,28643.63,7,7,7,0,0
120241,2025-04-01,2026-03-31,0.7,0.23,0.12,0.0,26818.54,6267.28,3249.25,26405.3,10,7,10,2,0
120242,2025-04-01,2026-03-31,0.71,0.31,0.12,,42388.03,12948.98,2672.87,22014.550000000003,7,5,7,0,0
120243,2025-04-01,2026-03-31,0.64,0.83,0.14,0.0,38614.19,32180.98,4128.8,29972.48,11,7,11,2,0
120244,2025-04-01,2026-03-31,0.4,0.89,0.09,0.0,19309.35,17128.77,1821.46,19309.35,5,2,5,3,0
120245,2025-04-01,2026-03-31,0.67,0.37,0.15,0.0,15566.900000000001,5723.97,2360.73,15566.900000000001,3,2,3,1,0
120246,2025-04-01,2026-03-31,0.4,0.01,0.12,0.17,47817.229999999996,693.56,4709.56,39612.54,15,6,15,6,1
120247,2025-04-01,2026-03-31,0.5,0.34,0.12,0.0,18975.93,6367.67,2146.89,18157.45,10,5,10,3,0
120248,2025-04-01,2026-03-31,0.82,0.07,0.11,0.0,25415.58,1887.0,2815.81,25415.58,11,9,11,2,0
120249,2025-04-01,2026-03-31,0.78,0.0,0.12,0.0,20633.420000000002,0.0,2567.9900000000002,20633.420000000002,9,7,9,2,0
120250,2025-04-01,2026-03-31,0.36,0.0,0.1,0.0,14263.619999999999,0.0,1350.09,13535.5,11,4,11,5,0
120251,2025-04-01,2026-03-31,0.5,0.0,0.11,0.0,7647.87,0.0,847.8100000000001,7647.87,4,2,4,2,0
120252,2025-04-01,2026-03-31,0.47,0.23,0.11,0.0,37523.840000000004,8708.27,4008.35,37040.13,19,9,19,8,0
120253,2025-04-01,2026-03-31,0.78,0.0,0.15,0.0,25852.37,0.0,3992.6800000000003,25852.37,9,7,9,2,0
120254,2025-04-01,2026-03-31,0.64,0.0,0.14,0.0,31037.37,0.0,4313.84,30281.18,11,7,11,2,0
120255,2025-04-01,2026-03-31,0.67,0.0,0.13,0.0,41682.049999999996,0.0,5256.3,40865.57,15,10,15,4,0
120256,2025-04-01,2026-03-31,0.75,0.0,0.1,0.0,34478.84,0.0,3572.7200000000003,34478.84,8,6,8,2,0
120257,2025-04-01,2026-03-31,0.56,9.59,0.11,0.0,9944.6,95388.9,971.53,8866.63,9,5,9,1,0
120258,2025-04-01,2026-03-31,0.22,0.0,0.09,0.0,9697.59,0.0,780.77,9039.35,9,2,9,5,0
120259,2025-04-01,2026-03-31,0.88,0.0,0.13,0.0,14661.67,0.0,1967.38,14661.67,8,7,8,1,0
120260,2025-04-01,2026-03-31,0.75,0.36,0.12,0.0,36207.68,12994.66,4279.28,36207.68,16,12,16,4,0
120261,2025-04-01,2026-03-31,0.71,0.13,0.12,0.0,28012.690000000002,3627.93,3499.0,28012.690000000002,7,5,7,2,0
120262,2025-04-01,2026-03-31,0.67,0.0,0.14,0.0,25052.85,0.0,3348.6800000000003,24438.08,12,8,12,3,0
120263,2025-04-01,2026-03-31,0.58,0.2,0.13,0.5,24406.37,4963.95,3176.9,23796.89,12,7,12,2,1
120264,2025-04-01,2026-03-31,0.5,0.23,0.11,0.0,22776.010000000002,5181.92,2594.55,22776.010000000002,8,4,8,4,0
120265,2025-04-01,2026-03-31,0.5,0.4,0.13,0.0,32634.84,13189.88,4352.93,32356.559999999998,10,5,10,4,0
120266,2025-04-01,2026-03-31,0.4,0.51,0.14,0.33,24665.65,12618.01,3224.58,23198.280000000002,10,4,10,3,1
120267,2025-04-01,2026-03-31,0.53,0.22,0.11,0.0,59018.66,12950.939999999999,3778.7799999999997,33598.08,15,8,15,5,0
120268,2025-04-01,2026-03-31,0.56,0.0,0.12,0.0,16788.69,0.0,1853.48,15965.97,9,5,9,2,0
120269,2025-04-01,2026-03-31,0.82,1.34,0.12,,20776.25,27768.52,2153.86,17460.2,11,9,11,0,0
120270,2025-04-01,2026-03-31,0.41,0.25,0.1,0.0,49401.66,12262.099999999999,3943.5499999999997,40889.13,17,7,17,7,0
120271,2025-04-01,2026-03-31,0.5,0.14,0.1,0.0,53668.18,7768.03,2783.22,27889.32,12,6,12,4,0
120272,2025-04-01,2026-03-31,0.78,0.07,0.16,,28041.41,1929.04,3902.79,24555.539999999997,9,7,9,0,1
120273,2025-04-01,2026-03-31,0.62,0.07,0.13,0.5,19595.58,1320.39,2468.24,19595.58,8,5,8,2,1
120274,2025-04-01,2026-03-31,0.78,0.08,0.11,0.0,11437.53,971.38,1213.31,11216.87,9,7,9,1,0
120275,2025-04-01,2026-03-31,0.5,0.14,0.1,0.0,37076.22,5302.82,3622.09,36906.159999999996,16,8,16,7,0
120276,2025-04-01,2026-03-31,0.4,0.23,0.1,0.0,44387.11,10064.5,4166.91,43491.2,10,4,10,4,0
120277,2025-04-01,2026-03-31,0.25,0.0,0.11,0.0,18454.66,0.0,1153.54,10123.83,8,2,8,4,0
120278,2025-04-01,2026-03-31,0.67,0.02,0.09,0.0,22701.92,398.27,1988.3000000000002,22701.92,6,4,6,2,0
120279,2025-04-01,2026-03-31,0.64,0.03,0.14,0.0,31976.769999999997,977.16,4336.94,31701.41,11,7,11,3,0
120280,2025-04-01,2026-03-31,0.82,0.49,0.11,0.0,25672.71,12525.72,2741.11,25078.24,11,9,11,1,0
120281,2025-04-01,2026-03-31,1.0,0.0,0.15,,22652.989999999998,0.0,3466.46,22652.989999999998,5,5,5,0,0
120282,2025-04-01,2026-03-31,0.38,0.0,0.1,0.0,17210.48,0.0,1620.84,16657.87,8,3,8,4,0
120283,2025-04-01,2026-03-31,0.56,0.0,0.11,0.0,56509.64,0.0,2359.7,21485.39,9,5,9,1,0
120284,2025-04-01,2026-03-31,0.5,0.21,0.13,0.0,16345.07,3444.22,1726.8300000000002,13345.07,10,5,10,4,0
120285,2025-04-01,2026-03-31,0.62,0.0,0.12,0.0,14411.789999999999,0.0,1790.4599999999998,14411.789999999999,8,5,8,3,0
120286,2025-04-01,2026-03-31,0.82,0.0,0.12,,71668.86,0.0,6647.25,54342.14,11,9,11,0,0
120287,2025-04-01,2026-03-31,0.5,0.0,0.13,0.0,20557.3,0.0,1577.4,12552.26,6,3,6,2,0
120288,2025-04-01,2026-03-31,0.57,0.0,0.12,0.0,11502.29,0.0,1299.9,11296.34,7,4,7,2,0
120289,2025-04-01,2026-03-31,0.6,0.09,0.13,0.0,58780.34,5465.76,7373.18,58780.34,10,6,10,4,0
120290,2025-04-01,2026-03-31,0.69,0.04,0.1,0.0,32918.21,1432.53,3230.8799999999997,32918.21,13,9,13,4,0
120291,2025-04-01,2026-03-31,0.63,0.79,0.14,0.0,44278.01,35011.509999999995,6098.099999999999,43115.520000000004,19,12,19,5,0
120292,2025-04-01,2026-03-31,0.56,2.94,0.11,0.0,13945.83,41010.58,1586.39,13945.83,9,5,9,4,0
120293,2025-04-01,2026-03-31,0.56,0.0,0.15,0.0,29740.58,0.0,4322.22,29201.390000000003,9,5,9,2,0
120294,2025-04-01,2026-03-31,0.71,0.95,0.11,0.0,13754.130000000001,13016.57,1564.76,13754.130000000001,7,5,7,2,0
120295,2025-04-01,2026-03-31,0.78,0.0,0.1,0.0,27010.18,0.0,2150.94,22095.63,9,7,9,1,0
120296,2025-04-01,2026-03-31,0.56,0.34,0.11,0.0,29235.57,9955.17,3115.45,28661.22,9,5,9,3,0
120297,2025-04-01,2026-03-31,0.67,0.0,0.12,0.0,45241.16,0.0,2119.4300000000003,18213.26,9,6,9,2,0
120298,2025-04-01,2026-03-31,0.64,0.4,0.13,0.0,25541.31,10174.380000000001,3259.05,25356.71,14,9,14,4,0
120299,2025-04-01,2026-03-31,0.44,0.0,0.12,0.0,37746.12,0.0,3886.17,33432.7,16,7,16,7,0
ALL,2025-04-01,2026-03-31,0.58,0.3,0.12,0.03,8478701.84,2572441.94,891352.23,7404685.59,3000,1739,3000,884,23
