AgentCode,PeriodStart,PeriodEnd,RetentionRate_adj,SubmissionQuality,LRadj_BENEFIT_inverted,EarnedPremium,IncurredLoss,CommissionAmount,CommissionWrittenPremium,EligibleForRenewal,Renewals,PoliciesActive,NewCount,RewriteCount,Submitted,Quoted,Bound,RewrittenPolicyRatio,LossRatio,RetentionRate,LossRatio_adj,EP_percentile_peer,EP_decile_peer,EP_utility_peer
120000,2025-04-01,2026-03-31,0.9186,0.3256,0.3586,43909.76,15784.33,5617.71,43909.76,14,12,14,2,0,43.0,34.0,14.0,0.0,0.3595,0.8571,0.6414,0.8737541528239202,9,0.9734405183914585
120001,2025-04-01,2026-03-31,0.768,0.2727,0.3692,11460.55,0.0,1259.5,11460.55,6,3,6,3,0,22.0,18.0,6.0,0.0,0.0,0.5,0.6308,0.08970099667774087,1,0.8511301159195052
120002,2025-04-01,2026-03-31,0.672,0.3214,0.3896,14641.7,0.0,1485.85,14010.18,9,3,9,5,0,28.0,21.0,9.0,0.0,0.0,0.3333,0.6104,0.15946843853820597,2,0.8734351001238673
120003,2025-04-01,2026-03-31,0.9431,0.3636,0.4062,16952.06,0.0,1685.21,16952.06,4,4,4,0,0,11.0,9.0,4.0,,0.0,1.0,0.5938,0.22591362126245848,3,0.8867762071651297
120004,2025-04-01,2026-03-31,0.7999,0.34,0.3639,65350.01,29809.4,4996.55,35350.01,17,10,17,6,0,50.0,39.0,17.0,0.0,0.4561,0.5882,0.6361,0.973421926910299,10,1.0
120005,2025-04-01,2026-03-31,0.8432,0.3333,0.3315,16214.92,4628.52,1980.5,16214.92,6,4,6,2,0,18.0,16.0,6.0,0.0,0.2854,0.6667,0.6685,0.2026578073089701,3,0.8827280762191195
120006,2025-04-01,2026-03-31,0.6974,0.3714,0.5206,44219.82,1719.5,3479.0,32333.600000000002,13,5,13,6,0,35.0,30.0,13.0,0.0,0.0389,0.3846,0.4794,0.8770764119601329,9,0.9740812573850689
120007,2025-04-01,2026-03-31,0.6896,0.381,0.4054,16845.28,0.0,2076.31,16845.28,8,3,8,5,0,21.0,17.0,8.0,0.0,0.0,0.375,0.5946,0.22259136212624583,3,0.8862008357025243
120008,2025-04-01,2026-03-31,0.8324,0.3182,0.4772,28084.69,0.0,4128.88,27536.8,14,9,14,3,0,44.0,34.0,14.0,0.0,0.0,0.6429,0.5228,0.584717607973422,6,0.9327451713360727
120009,2025-04-01,2026-03-31,0.9294,0.303,0.4806,28365.34,0.0,3967.1,28365.34,10,9,10,1,0,33.0,29.0,10.0,0.0,0.0,0.9,0.5194,0.5980066445182725,6,0.9336505999959054
120010,2025-04-01,2026-03-31,0.7992,0.2927,0.298,30723.989999999998,16330.849999999999,3998.3,30417.02,12,7,12,4,0,41.0,30.0,12.0,0.0,0.5315,0.5833,0.702,0.6511627906976745,7,0.9409239705781801
120011,2025-04-01,2026-03-31,0.7219,0.4,0.4507,23319.4,0.0,2625.11,22166.440000000002,14,6,14,6,0,35.0,28.0,14.0,0.0,0.0,0.4286,0.5493,0.4152823920265781,5,0.915813938815469
120012,2025-04-01,2026-03-31,0.841,0.3077,0.4317,23467.53,960.71,2507.21,23012.2,12,8,12,3,0,39.0,26.0,12.0,0.0,0.0409,0.6667,0.5683,0.4219269102990033,5,0.9163905280595239
120013,2025-04-01,2026-03-31,0.8485,0.3421,0.5189,43703.06,1738.9499999999998,4235.94,40209.1,13,9,13,3,0,38.0,27.0,13.0,0.0,0.0398,0.6923,0.4811,0.867109634551495,9,0.9730108544721712
120014,2025-04-01,2026-03-31,0.7142,0.3659,0.3239,42508.06,19037.09,5894.16,42508.06,15,6,15,9,0,41.0,34.0,15.0,0.0,0.4478,0.4,0.6761,0.8438538205980066,9,0.9704862837867642
120015,2025-04-01,2026-03-31,0.7673,0.3,0.3293,34194.46,14000.63,2136.25,20783.51,12,6,12,4,0,40.0,28.0,12.0,0.0,0.4094,0.5,0.6707,0.7209302325581395,8,0.9506690673039264
120016,2025-04-01,2026-03-31,0.6645,0.3529,0.3484,9113.369999999999,0.0,1102.3,8782.529999999999,6,2,6,3,0,17.0,16.0,6.0,0.0,0.0,0.3333,0.6516,0.03322259136212625,1,0.8302637495323539
120017,2025-04-01,2026-03-31,0.8831,0.3333,0.4902,30656.670000000002,0.0,3798.72,25102.02,12,9,12,1,0,36.0,29.0,12.0,0.0,0.0,0.75,0.5098,0.6478405315614618,7,0.9407242311725248
120018,2025-04-01,2026-03-31,0.779,0.3667,0.502,36401.08,789.48,3220.41,31139.1,11,6,11,3,0,30.0,24.0,11.0,0.0,0.0217,0.5455,0.498,0.7508305647840532,8,0.9563634237306481
120019,2025-04-01,2026-03-31,0.8977,0.3571,0.3436,39496.44,14829.66,5457.05,39077.1,10,8,10,1,0,28.0,25.0,10.0,0.0,0.3755,0.8,0.6564,0.8006644518272426,9,0.9637949541452673
120020,2025-04-01,2026-03-31,0.8888,0.3214,0.4265,22525.03,904.43,2902.12,20758.440000000002,9,7,9,1,0,28.0,18.0,9.0,0.0,0.0402,0.7778,0.5735,0.3920265780730897,4,0.9126580190474408
120021,2025-04-01,2026-03-31,0.781,0.4091,0.4966,32053.68,0.0,2534.55,20858.1,9,5,9,3,0,22.0,15.0,9.0,0.0,0.0,0.5556,0.5034,0.6810631229235881,7,0.9447819641983584
120022,2025-04-01,2026-03-31,0.7928,0.35,0.4795,28273.640000000003,0.0,2813.94,28055.06,7,4,7,2,0,20.0,17.0,7.0,0.0,0.0,0.5714,0.5205,0.5913621262458472,6,0.933355747958835
120023,2025-04-01,2026-03-31,0.8076,0.2778,0.5259,38313.6,0.0,3732.82,32764.38,10,6,10,1,0,36.0,27.0,10.0,0.0,0.0,0.6,0.4741,0.7807308970099668,8,0.9610262418272559
120024,2025-04-01,2026-03-31,0.8455,0.375,0.2623,14576.32,15718.01,1944.0900000000001,14576.32,6,4,6,2,0,16.0,13.0,6.0,0.0,1.0,0.6667,0.7377,0.15614617940199335,2,0.873027597594731
120025,2025-04-01,2026-03-31,0.8698,0.3235,0.2951,34850.1,20011.79,2739.87,20596.79,11,8,11,2,0,34.0,26.0,11.0,0.0,0.5742,0.7273,0.7049,0.7308970099667774,8,0.952398491875831
120026,2025-04-01,2026-03-31,0.8268,0.2895,0.3217,23471.510000000002,9482.85,2711.46,22910.89,11,7,11,3,0,38.0,23.0,11.0,0.0,0.404,0.6364,0.6783,0.42524916943521596,5,0.9164059697748608
120027,2025-04-01,2026-03-31,0.7107,0.3448,0.4953,31275.17,0.0,1960.1599999999999,17159.38,10,4,10,5,0,29.0,22.0,10.0,0.0,0.0,0.4,0.5047,0.6677740863787376,7,0.9425430578286019
120028,2025-04-01,2026-03-31,0.847,0.3714,0.5777,62504.36,1884.42,8516.95,62351.05,13,9,13,2,1,35.0,23.0,13.0,0.5,0.0301,0.6923,0.4223,0.9700996677740864,10,1.0
120029,2025-04-01,2026-03-31,0.807,0.4348,0.4021,15744.21,0.0,1737.46,14782.72,10,6,10,2,0,23.0,17.0,10.0,0.0,0.0,0.6,0.5979,0.19601328903654486,2,0.8800456494268466
120030,2025-04-01,2026-03-31,0.8148,0.3421,0.4248,21649.15,795.15,2852.62,21022.68,13,8,13,4,0,38.0,31.0,13.0,0.0,0.0367,0.6154,0.5752,0.37209302325581395,4,0.9090465945038563
120031,2025-04-01,2026-03-31,0.8777,0.3333,0.3386,8450.01,0.0,1016.79,8450.01,4,3,4,1,0,12.0,9.0,4.0,0.0,0.0,0.75,0.6614,0.019933554817275746,1,0.8233825603172652
120032,2025-04-01,2026-03-31,0.8168,0.3333,0.3396,9353.759999999998,434.96000000000004,1058.17,8402.45,8,5,8,1,0,24.0,21.0,8.0,0.0,0.0465,0.625,0.6604,0.03986710963455149,1,0.8326343570760553
120033,2025-04-01,2026-03-31,0.8128,0.3714,0.5139,45842.83,2669.0200000000004,4984.4,45842.83,13,8,13,5,0,35.0,25.0,13.0,0.0,0.0582,0.6154,0.4861,0.9036544850498339,10,0.9773635630607104
120034,2025-04-01,2026-03-31,0.7439,0.2979,0.4707,27146.670000000002,0.0,4021.71,25646.72,14,7,14,3,1,47.0,35.0,14.0,0.3333,0.0,0.5,0.5293,0.5481727574750831,6,0.9296519031910296
120035,2025-04-01,2026-03-31,0.7934,0.3333,0.3979,15431.35,0.0,2272.08,15431.35,7,4,7,3,0,21.0,17.0,7.0,0.0,0.0,0.5714,0.6021,0.18604651162790697,2,0.8782180219796519
120036,2025-04-01,2026-03-31,0.6014,0.2703,0.4555,24126.91,0.0,1647.99,13636.23,10,2,10,6,0,37.0,29.0,10.0,0.0,0.0,0.2,0.5445,0.45182724252491696,5,0.9189137430818115
120037,2025-04-01,2026-03-31,0.8122,0.3158,0.5913,76712.69,0.0,8516.95,65948.89,18,11,18,6,1,57.0,47.0,18.0,0.1667,0.0,0.6111,0.4087,0.9950166112956811,10,1.0
120038,2025-04-01,2026-03-31,0.8317,0.3256,0.6099,53351.81,0.0,5055.92,39648.01,14,9,14,2,0,43.0,34.0,14.0,0.0,0.0,0.6429,0.3901,0.9335548172757475,10,0.9911763323197642
120039,2025-04-01,2026-03-31,0.7496,0.3478,0.3558,23472.26,6491.209999999999,2776.58,23472.26,8,4,8,4,0,23.0,15.0,8.0,0.0,0.2765,0.5,0.6442,0.42857142857142855,5,0.916408879352652
120040,2025-04-01,2026-03-31,0.6879,0.32,0.3929,14938.66,0.0,1360.31,14485.86,8,3,8,4,0,25.0,21.0,8.0,0.0,0.0,0.375,0.6071,0.16611295681063123,2,0.8752633893565288
120041,2025-04-01,2026-03-31,0.7519,0.359,0.2794,22216.25,15707.9,2390.27,20501.0,14,7,14,3,0,39.0,29.0,14.0,0.0,0.707,0.5,0.7206,0.38205980066445183,4,0.9114011402035931
120042,2025-04-01,2026-03-31,0.8044,0.3571,0.2531,15038.78,20684.73,1583.1100000000001,11527.130000000001,10,6,10,2,0,28.0,17.0,10.0,0.0,1.0,0.6,0.7469,0.17275747508305647,2,0.8758716141445007
120043,2025-04-01,2026-03-31,0.8241,0.3793,0.5172,36676.54,0.0,3793.42,36436.229999999996,11,7,11,3,0,29.0,25.0,11.0,0.0,0.0,0.6364,0.4828,0.7574750830564784,8,0.9570499062706399
120044,2025-04-01,2026-03-31,0.8951,0.2857,0.2298,40492.05,90593.51999999999,2865.9700000000003,22709.24,14,11,14,1,0,49.0,36.0,14.0,0.0,1.0,0.7857,0.7702,0.8106312292358804,9,0.9660618861682849
120045,2025-04-01,2026-03-31,0.7389,0.4,0.2181,13307.86,36576.89,1364.05,13307.86,6,3,6,3,0,15.0,13.0,6.0,0.0,1.0,0.5,0.7819,0.12624584717607973,2,0.8647376320730263
120046,2025-04-01,2026-03-31,0.7031,0.3125,0.2396,8181.389999999999,24881.879999999997,793.36,7763.0,5,2,5,2,0,16.0,10.0,5.0,0.0,1.0,0.4,0.7604,0.016611295681063124,1,0.8204411185894154
120047,2025-04-01,2026-03-31,0.7187,0.3077,0.4469,36341.54,4694.53,3613.25,27085.86,12,5,12,4,1,39.0,32.0,12.0,0.25,0.1292,0.4167,0.5531,0.7475083056478405,8,0.9562143595751231
120048,2025-04-01,2026-03-31,0.8381,0.2927,0.3503,35251.69,12259.77,3250.94,28257.190000000002,12,8,12,2,0,41.0,30.0,12.0,0.0,0.3478,0.6667,0.6497,0.7342192691029901,8,0.9534417969489414
120049,2025-04-01,2026-03-31,0.8964,0.3333,0.4361,21165.11,0.0,3415.1600000000003,21165.11,5,4,5,1,0,15.0,11.0,5.0,0.0,0.0,0.8,0.5639,0.3554817275747508,4,0.906987595188527
120050,2025-04-01,2026-03-31,0.7986,0.3077,0.4696,27115.309999999998,0.0,2819.11,23551.06,12,7,12,4,0,39.0,32.0,12.0,0.0,0.0,0.5833,0.5304,0.5448504983388704,6,0.9295466513660865
120051,2025-04-01,2026-03-31,0.8388,0.2857,0.363,10567.470000000001,0.0,1280.8,10567.470000000001,6,4,6,2,0,21.0,16.0,6.0,0.0,0.0,0.6667,0.637,0.0664451827242525,1,0.8437429351107123
120052,2025-04-01,2026-03-31,0.7534,0.3226,0.2425,18640.58,31701.61,2087.66,14731.92,10,5,10,3,0,31.0,27.0,10.0,0.0,1.0,0.5,0.7575,0.27906976744186046,3,0.8954221600594328
120053,2025-04-01,2026-03-31,0.9131,0.3529,0.2032,44863.42,93546.26000000001,3610.38,31386.71,12,10,12,1,0,34.0,29.0,12.0,0.0,1.0,0.8333,0.7968,0.8870431893687708,9,0.9753970365751649
120054,2025-04-01,2026-03-31,0.7652,0.2857,0.3474,9082.1,0.0,1414.0400000000002,8761.31,4,2,4,1,0,14.0,9.0,4.0,0.0,0.0,0.5,0.6526,0.029900332225913623,1,0.8299507941155371
120055,2025-04-01,2026-03-31,0.8403,0.4286,0.2993,7647.87,1474.3200000000002,780.77,7032.2300000000005,3,2,3,1,0,7.0,4.0,3.0,0.0,0.2758,0.6667,0.7007,0.008305647840531562,1,0.8143011677730075
120056,2025-04-01,2026-03-31,0.8582,0.3448,0.4112,47745.07,11468.43,5263.05,47745.07,10,7,10,3,0,29.0,17.0,10.0,0.0,0.2402,0.7,0.5888,0.9069767441860465,10,0.9810657753516774
120057,2025-04-01,2026-03-31,0.7229,0.2917,0.4654,26071.14,0.0,3885.69,26071.14,7,3,7,3,1,24.0,14.0,7.0,0.3333,0.0,0.4286,0.5346,0.5149501661129569,6,0.9259708379090255
120058,2025-04-01,2026-03-31,0.7749,0.325,0.4865,29374.059999999998,0.0,4126.21,28989.649999999998,13,7,13,4,1,40.0,31.0,13.0,0.25,0.0,0.5385,0.5135,0.6212624584717608,7,0.9368325451142204
120059,2025-04-01,2026-03-31,0.7645,0.2963,0.4146,18009.43,0.0,1773.69,17425.010000000002,8,4,8,3,0,27.0,20.0,8.0,0.0,0.0,0.5,0.5854,0.2558139534883721,3,0.8922856773390604
120060,2025-04-01,2026-03-31,0.8938,0.3256,0.3549,41697.350000000006,15110.22,5025.22,41697.350000000006,14,11,14,3,0,43.0,37.0,14.0,0.0,0.3624,0.7857,0.6451,0.8305647840531561,9,0.9687328320551016
120061,2025-04-01,2026-03-31,0.8493,0.3421,0.3007,29910.54,15723.39,3917.98,29159.5,13,9,13,2,0,38.0,31.0,13.0,0.0,0.5257,0.6923,0.6993,0.6345514950166113,7,0.9384806089203238
120062,2025-04-01,2026-03-31,0.7895,0.3684,0.3787,12560.0,0.0,1431.01,12560.0,7,4,7,3,0,19.0,17.0,7.0,0.0,0.0,0.5714,0.6213,0.10963455149501661,2,0.8594712492270519
120063,2025-04-01,2026-03-31,0.8109,0.3226,0.4433,21880.94,0.0,2836.32,21430.75,10,6,10,3,0,31.0,23.0,10.0,0.0,0.0,0.6,0.5567,0.3787375415282392,4,0.9100163326012531
120064,2025-04-01,2026-03-31,0.7447,0.3333,0.5316,42804.52,0.0,4595.99,41047.27,12,6,12,4,0,36.0,23.0,12.0,0.0,0.0,0.5,0.4684,0.8504983388704319,9,0.9711191468828596
120065,2025-04-01,2026-03-31,0.6944,0.325,0.4154,31849.22,5121.1,3669.66,27935.56,13,5,13,4,1,40.0,29.0,13.0,0.25,0.1608,0.3846,0.5846,0.6744186046511628,7,0.9441992697838716
120066,2025-04-01,2026-03-31,0.8853,0.3421,0.3159,37578.92,17993.46,4445.0,37344.28,13,10,13,2,0,38.0,30.0,13.0,0.0,0.4788,0.7692,0.6841,0.770764119601329,8,0.9592631840645657
120067,2025-04-01,2026-03-31,0.8417,0.2857,0.2578,16418.87,18790.370000000003,2202.17,16418.87,6,4,6,2,0,21.0,15.0,6.0,0.0,1.0,0.6667,0.7422,0.20930232558139536,3,0.883866228596114
120068,2025-04-01,2026-03-31,0.748,0.3333,0.4129,17717.29,0.0,2037.37,17717.29,6,3,6,3,0,18.0,15.0,6.0,0.0,0.0,0.5,0.5871,0.25249169435215946,3,0.8907964931298625
120069,2025-04-01,2026-03-31,0.8395,0.3636,0.4979,33247.33,0.0,3340.6,26211.11,12,8,12,3,0,33.0,25.0,12.0,0.0,0.0,0.6667,0.5021,0.6943521594684385,7,0.9481112981016956
120070,2025-04-01,2026-03-31,0.8037,0.3125,0.1971,14973.29,82188.62,1598.81,13454.71,10,6,10,2,0,32.0,26.0,10.0,0.0,1.0,0.6,0.8029,0.16943521594684385,2,0.8754742250314381
120071,2025-04-01,2026-03-31,0.7472,0.2791,0.5093,42974.92,2253.66,4840.83,42974.92,12,6,12,6,0,43.0,34.0,12.0,0.0,0.0524,0.5,0.4907,0.8571428571428571,9,0.9714809247596405
120072,2025-04-01,2026-03-31,0.7431,0.3448,0.3938,28540.39,5453.9400000000005,2748.73,28540.39,10,5,10,5,0,29.0,20.0,10.0,0.0,0.1911,0.5,0.6062,0.6046511627906976,7,0.9342108184346903
120073,2025-04-01,2026-03-31,0.8643,0.3684,0.4256,19486.79,0.0,2058.08,17821.97,7,5,7,0,0,19.0,17.0,7.0,,0.0,0.7143,0.5744,0.29900332225913623,3,0.8994647064925099
120074,2025-04-01,2026-03-31,0.7057,0.3333,0.3829,40915.4,11984.33,4211.280000000001,37915.4,10,4,10,4,1,30.0,24.0,10.0,0.25,0.2929,0.4,0.6171,0.8172757475083057,9,0.9670089818024966
120075,2025-04-01,2026-03-31,0.7616,0.303,0.4308,20666.11,0.0,3056.73,19367.739999999998,10,5,10,2,0,33.0,25.0,10.0,0.0,0.0,0.5,0.5692,0.33222591362126247,4,0.9048150689687494
120076,2025-04-01,2026-03-31,0.7397,0.4,0.3648,10672.77,0.0,836.18,7032.2300000000005,6,3,6,2,0,15.0,13.0,6.0,0.0,0.0,0.5,0.6352,0.06976744186046512,1,0.8446457460101399
120077,2025-04-01,2026-03-31,0.9248,0.3,0.4564,24879.42,0.0,2895.58,24479.690000000002,9,8,9,0,0,30.0,22.0,9.0,,0.0,0.8889,0.5436,0.4684385382059801,5,0.9217104160361258
120078,2025-04-01,2026-03-31,0.7908,0.3333,0.2828,21840.62,14645.38,2492.31,21294.59,7,4,7,2,0,21.0,19.0,7.0,0.0,0.6706,0.5714,0.7172,0.3754152823920266,4,0.9098483863525914
120079,2025-04-01,2026-03-31,0.6218,0.2857,0.3098,7647.87,1279.78,780.77,7032.2300000000005,4,1,4,2,0,14.0,9.0,4.0,0.0,0.2142,0.25,0.6902,0.008305647840531562,1,0.8143011677730075
120080,2025-04-01,2026-03-31,0.7953,0.3636,0.2601,25159.17,25408.32,2566.86,20438.26,12,7,12,3,0,33.0,26.0,12.0,0.0,1.0,0.5833,0.7399,0.47840531561461797,5,0.9227285791854117
120081,2025-04-01,2026-03-31,0.7715,0.3333,0.4675,26369.11,0.0,2889.03,26194.920000000002,10,5,10,3,1,30.0,23.0,10.0,0.3333,0.0,0.5,0.5325,0.5282392026578073,6,0.9270056489990344
120082,2025-04-01,2026-03-31,0.9464,0.3846,0.3346,16441.0,4321.14,1869.27,16441.0,5,5,5,0,0,13.0,8.0,5.0,,0.2628,1.0,0.6654,0.21262458471760798,3,0.8839888748768392
120083,2025-04-01,2026-03-31,0.7902,0.3415,0.4378,23504.11,808.64,2898.09,22733.22,14,8,14,5,0,41.0,29.0,14.0,0.0,0.0344,0.5714,0.5622,0.4318936877076412,5,0.9165323536989273
120084,2025-04-01,2026-03-31,0.8208,0.3636,0.4282,20206.09,0.0,1256.64,10712.09,8,5,8,1,0,22.0,15.0,8.0,0.0,0.0,0.625,0.5718,0.31561461794019935,4,0.9027652714554408
120085,2025-04-01,2026-03-31,0.8757,0.32,0.3376,10518.119999999999,1187.34,1351.12,10518.119999999999,8,6,8,2,0,25.0,19.0,8.0,0.0,0.1129,0.75,0.6624,0.06312292358803986,1,0.8433167226161343
120086,2025-04-01,2026-03-31,0.7298,0.375,0.3946,23089.18,3174.1,1914.82,15579.53,9,4,9,2,0,24.0,19.0,9.0,0.0,0.1375,0.4444,0.6054,0.4119601328903654,5,0.9149105082241236
120087,2025-04-01,2026-03-31,0.8102,0.3125,0.3846,23401.85,4325.11,1031.38,8453.5,5,3,5,1,0,16.0,11.0,5.0,0.0,0.1848,0.6,0.6154,0.4186046511627907,5,0.9161353220690506
120088,2025-04-01,2026-03-31,0.7966,0.2927,0.3913,24548.29,4043.35,2598.3,19761.22,12,7,12,2,0,41.0,30.0,12.0,0.0,0.1647,0.5833,0.6087,0.46179401993355484,5,0.9204903533651109
120089,2025-04-01,2026-03-31,0.7335,0.2903,0.3921,19251.62,1861.06,1605.8500000000001,12604.689999999999,9,4,9,2,0,31.0,23.0,9.0,0.0,0.0967,0.4444,0.6079,0.292358803986711,3,0.8983591314723414
120090,2025-04-01,2026-03-31,0.8501,0.3571,0.423,40469.509999999995,7741.51,3896.4300000000003,37469.509999999995,10,7,10,2,0,28.0,20.0,10.0,0.0,0.1913,0.7,0.577,0.8073089700996677,9,0.9660111836531605
120091,2025-04-01,2026-03-31,0.8194,0.3478,0.4545,23982.47,0.0,2328.7200000000003,15104.26,8,5,8,1,0,23.0,19.0,8.0,0.0,0.0,0.625,0.5455,0.44518272425249167,5,0.9183669712324222
120092,2025-04-01,2026-03-31,0.8462,0.3019,0.5604,66496.7,8737.01,7569.33,65948.89,16,11,16,4,0,53.0,40.0,16.0,0.0,0.1314,0.6875,0.4396,0.9767441860465116,10,1.0
120093,2025-04-01,2026-03-31,0.6862,0.3235,0.3871,26105.47,5223.860000000001,3231.21,25690.62,11,4,11,5,1,34.0,25.0,11.0,0.2,0.2001,0.3636,0.6129,0.521594684385382,6,0.9260906626604756
120094,2025-04-01,2026-03-31,0.7317,0.3103,0.3604,12272.57,860.07,1566.38,11379.03,9,4,9,3,0,29.0,23.0,9.0,0.0,0.0701,0.4444,0.6396,0.10631229235880399,2,0.8573633006157311
120095,2025-04-01,2026-03-31,0.7856,0.3,0.4387,41278.729999999996,6980.280000000001,4614.17,40238.94,18,10,18,5,0,60.0,48.0,18.0,0.0,0.1691,0.5556,0.5613,0.8239202657807309,9,0.9678140226065185
120096,2025-04-01,2026-03-31,0.758,0.3077,0.2844,11666.84,7744.43,1392.4,10900.81,8,4,8,2,0,26.0,19.0,8.0,0.0,0.6638,0.5,0.7156,0.09966777408637874,1,0.852754507348241
120097,2025-04-01,2026-03-31,0.8652,0.3415,0.5864,67333.37,0.0,8516.95,65948.89,14,10,14,3,0,41.0,26.0,14.0,0.0,0.0,0.7143,0.4136,0.9800664451827242,10,1.0
120098,2025-04-01,2026-03-31,0.8717,0.3235,0.4927,38710.659999999996,2207.35,4899.75,38710.659999999996,11,8,11,3,0,34.0,25.0,11.0,0.0,0.057,0.7273,0.5073,0.7906976744186046,8,0.9619650705113851
120099,2025-04-01,2026-03-31,0.7279,0.3214,0.2365,21373.56,59689.31,2765.78,20507.53,9,4,9,3,0,28.0,21.0,9.0,0.0,1.0,0.4444,0.7635,0.36212624584717606,4,0.9078800088829683
120100,2025-04-01,2026-03-31,0.8135,0.3023,0.4614,27821.71,739.9399999999999,2940.94,24391.33,13,8,13,4,0,43.0,38.0,13.0,0.0,0.0266,0.6154,0.5386,0.5614617940199336,6,0.9318885003927093
120101,2025-04-01,2026-03-31,0.8063,0.2857,0.4334,22711.52,625.32,2617.23,22170.280000000002,10,6,10,2,0,35.0,28.0,10.0,0.0,0.0275,0.6,0.5666,0.4019933554817276,5,0.913408802183661
120102,2025-04-01,2026-03-31,0.6444,0.3636,0.4188,18483.08,0.0,2032.32,18483.08,4,1,4,3,0,11.0,10.0,4.0,0.0,0.0,0.25,0.5812,0.2691029900332226,3,0.8946495254521143
120103,2025-04-01,2026-03-31,0.7769,0.2973,0.4213,25975.42,2526.36,2891.18,24408.93,11,6,11,2,1,37.0,30.0,11.0,0.5,0.0973,0.5455,0.5787,0.5049833887043189,6,0.9256359035996286
120104,2025-04-01,2026-03-31,0.8083,0.2941,0.3709,18532.4,3115.03,2175.2599999999998,18532.4,10,6,10,4,0,34.0,25.0,10.0,0.0,0.1681,0.6,0.6291,0.2724252491694352,3,0.894892176209292
120105,2025-04-01,2026-03-31,0.7875,0.3214,0.2777,30745.1,21686.93,4563.74,30745.1,9,5,9,3,1,28.0,22.0,9.0,0.3333,0.7054,0.5556,0.7223,0.654485049833887,7,0.940986514125922
120106,2025-04-01,2026-03-31,0.9206,0.3182,0.5223,37714.49,0.0,4226.62,37252.17,7,6,7,0,0,22.0,16.0,7.0,,0.0,0.8571,0.4777,0.7740863787375415,8,0.9595910986537787
120107,2025-04-01,2026-03-31,0.8708,0.3056,0.2876,18079.100000000002,11341.18,2194.0299999999997,18079.100000000002,11,8,11,3,0,36.0,25.0,11.0,0.0,0.6273,0.7273,0.7124,0.2591362126245847,3,0.8926372525666049
120108,2025-04-01,2026-03-31,0.7736,0.3,0.1819,32805.1,45151.48,1970.13,16886.64,15,8,15,3,0,50.0,33.0,15.0,0.0,1.0,0.5333,0.8181,0.6877076411960132,7,0.9468919774857858
120109,2025-04-01,2026-03-31,0.95,0.3077,0.2333,37354.31,85115.91,5182.48,37354.31,8,8,8,0,0,26.0,23.0,8.0,,1.0,1.0,0.7667,0.7641196013289037,8,0.958717288557141
120110,2025-04-01,2026-03-31,0.6398,0.2857,0.172,17588.65,38628.43,944.77,9723.49,8,2,8,4,0,28.0,22.0,8.0,0.0,1.0,0.25,0.828,0.24584717607973422,3,0.8901329475668246
120111,2025-04-01,2026-03-31,0.8809,0.3333,0.6181,60456.409999999996,0.0,5101.5599999999995,45284.47,12,9,12,1,0,36.0,26.0,12.0,0.0,0.0,0.75,0.3819,0.9634551495016611,10,1.0
120112,2025-04-01,2026-03-31,0.7587,0.3,0.5124,43338.56,2108.37,1876.83,14423.96,6,3,6,1,0,20.0,17.0,6.0,0.0,0.0486,0.5,0.4876,0.8637873754152824,9,0.9722481991536284
120113,2025-04-01,2026-03-31,0.8089,0.3846,0.3577,9842.11,0.0,1134.1200000000001,9842.11,5,3,5,2,0,13.0,10.0,5.0,0.0,0.0,0.6,0.6423,0.04983388704318937,1,0.8372681542703583
120114,2025-04-01,2026-03-31,0.7882,0.3333,0.3863,17489.71,1618.7,1544.9099999999999,16394.85,9,5,9,3,0,27.0,22.0,9.0,0.0,0.0926,0.5556,0.6137,0.2425249169435216,3,0.8896192894060124
120115,2025-04-01,2026-03-31,0.6786,0.3889,0.494,31180.71,0.0,2770.71,20307.850000000002,14,5,14,4,0,36.0,32.0,14.0,0.0,0.0,0.3571,0.506,0.6644518272425249,7,0.9422676183359299
120116,2025-04-01,2026-03-31,0.8303,0.3793,0.4584,24909.04,0.0,2836.58,24909.04,11,7,11,4,0,29.0,21.0,11.0,0.0,0.0,0.6364,0.5416,0.4717607973421927,5,0.9218187598559328
120117,2025-04-01,2026-03-31,0.8025,0.3333,0.475,27570.2,0.0,781.0799999999999,10379.02,5,3,5,0,0,15.0,12.0,5.0,,0.0,0.6,0.525,0.5581395348837209,6,0.9310615843894585
120118,2025-04-01,2026-03-31,0.9114,0.3158,0.306,9149.44,3297.55,1358.17,9149.44,6,5,6,1,0,19.0,14.0,6.0,0.0,0.3604,0.8333,0.694,0.036544850498338874,1,0.8306234133290142
120119,2025-04-01,2026-03-31,0.7464,0.3478,0.4205,21603.34,938.14,2070.35,21603.34,8,4,8,4,0,23.0,20.0,8.0,0.0,0.0434,0.5,0.5795,0.3654485049833887,4,0.908853711289543
120120,2025-04-01,2026-03-31,0.796,0.3529,0.4352,29672.91,3016.74,3636.98,29672.91,12,7,12,5,0,34.0,28.0,12.0,0.0,0.1017,0.5833,0.5648,0.627906976744186,7,0.9377542880504128
120121,2025-04-01,2026-03-31,0.8005,0.3125,0.3445,8826.02,0.0,1000.02,7794.030000000001,5,3,5,1,0,16.0,12.0,5.0,0.0,0.0,0.6,0.6555,0.026578073089700997,1,0.8273466084780604
120122,2025-04-01,2026-03-31,0.9005,0.3226,0.4739,34685.520000000004,2250.67,2907.4300000000003,25660.190000000002,10,8,10,1,0,31.0,22.0,10.0,0.0,0.0649,0.8,0.5261,0.7275747508305648,8,0.951967446269306
120123,2025-04-01,2026-03-31,0.882,0.381,0.5667,76712.69,4026.0099999999998,6701.08,57090.72,16,12,16,3,0,42.0,31.0,16.0,0.0,0.0514,0.75,0.4333,0.9950166112956811,10,1.0
120124,2025-04-01,2026-03-31,0.7344,0.3023,0.3804,28293.239999999998,6740.969999999999,3741.75,27721.85,13,6,13,6,0,43.0,34.0,13.0,0.0,0.2383,0.4615,0.6196,0.5946843853820598,6,0.9334188500402754
120125,2025-04-01,2026-03-31,0.7687,0.32,0.3111,20717.9,9535.310000000001,2100.54,17717.9,8,4,8,3,0,25.0,19.0,8.0,0.0,0.4602,0.5,0.6889,0.33554817275747506,4,0.9050429760166574
120126,2025-04-01,2026-03-31,0.7406,0.3125,0.3261,30796.2,12531.269999999999,3965.76,30012.86,10,5,10,3,0,32.0,23.0,10.0,0.0,0.4069,0.5,0.6739,0.6578073089700996,7,0.9411377327898345
120127,2025-04-01,2026-03-31,0.6743,0.2812,0.4004,21067.67,2170.91,2380.71,20746.16,9,3,9,4,0,32.0,24.0,9.0,0.0,0.103,0.3333,0.5996,0.3488372093023256,4,0.9065674175016537
120128,2025-04-01,2026-03-31,0.7776,0.3438,0.4239,26774.9,2688.98,2588.23,26774.9,11,6,11,5,0,32.0,25.0,11.0,0.0,0.1004,0.5455,0.5761,0.5348837209302325,6,0.928396255616405
120129,2025-04-01,2026-03-31,0.6697,0.3103,0.3613,28056.36,8046.07,4095.9900000000002,28056.36,9,3,9,5,1,29.0,21.0,9.0,0.2,0.2868,0.3333,0.6387,0.5813953488372093,6,0.932653271278062
120130,2025-04-01,2026-03-31,0.7511,0.3529,0.3744,17001.559999999998,2131.17,2582.7200000000003,16185.939999999999,6,3,6,2,0,17.0,15.0,6.0,0.0,0.1254,0.5,0.6256,0.23255813953488372,3,0.8870417037984029
120131,2025-04-01,2026-03-31,0.8574,0.3704,0.3718,11561.52,0.0,1271.92,10589.47,10,7,10,1,0,27.0,22.0,10.0,0.0,0.0,0.7,0.6282,0.09634551495016612,1,0.8519288058696163
120132,2025-04-01,2026-03-31,0.8248,0.3333,0.2506,20206.989999999998,26940.54,2354.56,18327.89,11,7,11,2,0,33.0,27.0,11.0,0.0,1.0,0.6364,0.7494,0.31893687707641194,4,0.9027693271406885
120133,2025-04-01,2026-03-31,0.7198,0.322,0.5494,54891.05,9520.820000000002,6817.26,50921.15,19,8,19,8,0,59.0,47.0,19.0,0.0,0.1734,0.4211,0.4506,0.9401993355481728,10,0.9937662950180067
120134,2025-04-01,2026-03-31,0.7572,0.3226,0.4761,27893.12,0.0,1591.8400000000001,12432.28,10,5,10,2,0,31.0,24.0,10.0,0.0,0.0,0.5,0.5239,0.5647840531561462,6,0.9321219203836618
120135,2025-04-01,2026-03-31,0.6617,0.3,0.4644,26052.5,0.0,2601.45,21505.67,9,3,9,5,0,30.0,24.0,9.0,0.0,0.0,0.3333,0.5356,0.5116279069767442,6,0.925905711114586
120136,2025-04-01,2026-03-31,0.6844,0.3667,0.3182,19700.33,8096.200000000001,1961.17,18883.68,11,4,11,5,0,30.0,23.0,11.0,0.0,0.411,0.3636,0.6818,0.30564784053156147,4,0.9004570983714084
120137,2025-04-01,2026-03-31,0.8188,0.3333,0.4196,19700.77,249.96,2360.04,16700.77,8,5,8,2,0,24.0,17.0,8.0,0.0,0.0127,0.625,0.5804,0.3089700996677741,4,0.9004591320740934
120138,2025-04-01,2026-03-31,0.7362,0.3167,0.5108,44983.48,2701.98,4559.67,37641.1,19,9,19,7,0,60.0,47.0,19.0,0.0,0.0601,0.4737,0.4892,0.8903654485049833,9,0.9756403975908959
120139,2025-04-01,2026-03-31,0.7594,0.359,0.4488,38386.35,5225.05,4314.400000000001,37526.47,14,7,14,4,0,39.0,25.0,14.0,0.0,0.1361,0.5,0.5512,0.7840531561461794,8,0.9611989814230611
120140,2025-04-01,2026-03-31,0.8031,0.3448,0.4037,25558.36,3580.2300000000005,2721.49,25558.36,10,6,10,4,0,29.0,22.0,10.0,0.0,0.1401,0.6,0.5963,0.4883720930232558,5,0.9241620160755171
120141,2025-04-01,2026-03-31,0.7353,0.3333,0.4829,35412.26,2041.71,4682.7699999999995,35257.11,13,6,13,5,1,39.0,29.0,13.0,0.2,0.0577,0.4615,0.5171,0.7375415282392026,8,0.9538556251940891
120142,2025-04-01,2026-03-31,0.8181,0.32,0.325,39348.37,17010.7,2966.65,29700.43,8,5,8,1,0,25.0,20.0,8.0,0.0,0.4323,0.625,0.675,0.7973421926910299,8,0.963452936402806
120143,2025-04-01,2026-03-31,0.8012,0.3704,0.3595,15321.5,2285.26,1845.46,15007.29,10,6,10,3,0,27.0,17.0,10.0,0.0,0.1492,0.6,0.6405,0.17940199335548174,2,0.8775675127373576
120144,2025-04-01,2026-03-31,0.6672,0.3158,0.3666,28409.68,7874.59,2974.24,27661.79,12,4,12,5,1,38.0,31.0,12.0,0.2,0.2772,0.3333,0.6334,0.6013289036544851,7,0.9337928290622118
120145,2025-04-01,2026-03-31,0.8018,0.3125,0.2644,9997.85,10820.26,1708.46,9584.16,5,3,5,1,0,16.0,13.0,5.0,0.0,1.0,0.6,0.7356,0.059800664451827246,1,0.8386976724925387
120146,2025-04-01,2026-03-31,0.7307,0.375,0.3837,12989.36,0.0,1255.51,12365.76,9,4,9,3,0,24.0,19.0,9.0,0.0,0.0,0.4444,0.6163,0.11960132890365449,2,0.8625318988808787
120147,2025-04-01,2026-03-31,0.7131,0.3125,0.3123,11302.48,4035.2400000000002,1237.62,10325.18,5,2,5,1,0,16.0,9.0,5.0,0.0,0.357,0.4,0.6877,0.08305647840531562,1,0.8498655153229386
120148,2025-04-01,2026-03-31,0.7701,0.3243,0.4853,29172.489999999998,0.0,3223.49,29172.489999999998,12,6,12,6,0,37.0,29.0,12.0,0.0,0.0,0.5,0.5147,0.6146179401993356,7,0.9362055319714526
120149,2025-04-01,2026-03-31,0.7082,0.3571,0.5738,62322.96,2945.86,5125.52,46627.38,15,6,15,5,0,42.0,28.0,15.0,0.0,0.0473,0.4,0.4262,0.9667774086378738,10,1.0
120150,2025-04-01,2026-03-31,0.7239,0.3684,0.4071,16990.3,0.0,1825.7099999999998,16990.3,7,3,7,4,0,19.0,15.0,7.0,0.0,0.0,0.4286,0.5929,0.2292358803986711,3,0.8869813779968291
120151,2025-04-01,2026-03-31,0.8842,0.3333,0.2087,21200.519999999997,68710.89,1893.41,15389.789999999999,8,6,8,1,0,24.0,19.0,8.0,0.0,1.0,0.75,0.7913,0.3588039867109635,4,0.907139810041852
120152,2025-04-01,2026-03-31,0.8057,0.3448,0.4728,27330.64,0.0,3098.31,26923.07,10,6,10,2,1,29.0,21.0,10.0,0.5,0.0,0.6,0.5272,0.5548172757475083,6,0.9302669132755093
120153,2025-04-01,2026-03-31,0.8549,0.3704,0.3752,28568.34,7052.14,983.24,9085.02,10,7,10,1,0,27.0,20.0,10.0,0.0,0.2469,0.7,0.6248,0.6079734219269103,7,0.934299949544023
120154,2025-04-01,2026-03-31,0.8262,0.3235,0.5336,42895.6,0.0,4903.58,42408.65,11,7,11,3,0,34.0,27.0,11.0,0.0,0.0,0.6364,0.4664,0.8538205980066446,9,0.9713126984966286
120155,2025-04-01,2026-03-31,0.6929,0.325,0.2861,39951.94,25669.98,2414.58,19677.03,13,5,13,5,0,40.0,31.0,13.0,0.0,0.6425,0.3846,0.7139,0.8039867109634552,9,0.9648391028096063
120156,2025-04-01,2026-03-31,0.8991,0.3846,0.4665,26269.93,0.0,2681.1400000000003,23104.309999999998,10,8,10,0,0,26.0,18.0,10.0,,0.0,0.8,0.5335,0.5249169435215947,6,0.9266625137503565
120157,2025-04-01,2026-03-31,0.6588,0.3043,0.3531,9471.710000000001,0.0,955.95,9098.9,7,2,7,3,0,23.0,16.0,7.0,0.0,0.0,0.2857,0.6469,0.04318936877076412,1,0.8337753339424447
120158,2025-04-01,2026-03-31,0.8541,0.3448,0.5356,45273.43,380.99,4950.5599999999995,45007.29,10,7,10,2,0,29.0,21.0,10.0,0.0,0.0084,0.7,0.4644,0.9003322259136213,10,0.9762254566371651
120159,2025-04-01,2026-03-31,0.7326,0.3,0.4526,23739.58,0.0,2347.21,15010.59,9,4,9,2,0,30.0,24.0,9.0,0.0,0.0,0.4444,0.5474,0.43521594684385384,5,0.917440053332423
120160,2025-04-01,2026-03-31,0.7638,0.3243,0.3205,38826.81,17755.71,4367.41,37644.3,12,6,12,3,0,37.0,26.0,12.0,0.0,0.4573,0.5,0.6795,0.7940199335548173,8,0.9622378815174402
120161,2025-04-01,2026-03-31,0.8161,0.3077,0.2892,13038.66,7891.53,1648.31,13038.66,8,5,8,3,0,26.0,17.0,8.0,0.0,0.6052,0.625,0.7108,0.12292358803986711,2,0.862876834555477
120162,2025-04-01,2026-03-31,0.7527,0.3333,0.4343,21081.75,0.0,1012.4100000000001,10126.05,6,3,6,2,0,18.0,15.0,6.0,0.0,0.0,0.5,0.5657,0.3521594684385382,4,0.9066282527993444
120163,2025-04-01,2026-03-31,0.8275,0.3143,0.2453,27935.91,36240.93,3541.81,27935.91,11,7,11,4,0,35.0,28.0,11.0,0.0,1.0,0.6364,0.7547,0.5681063122923588,6,0.9322615031842828
120164,2025-04-01,2026-03-31,0.902,0.2941,0.3272,7647.87,0.0,780.77,7032.2300000000005,5,4,5,0,0,17.0,15.0,5.0,,0.0,0.8,0.6728,0.008305647840531562,1,0.8143011677730075
120165,2025-04-01,2026-03-31,0.7973,0.3333,0.2907,24389.14,14851.82,2577.43,24389.14,12,7,12,5,0,36.0,27.0,12.0,0.0,0.609,0.5833,0.7093,0.45514950166112955,5,0.9198980905814937
120166,2025-04-01,2026-03-31,0.831,0.3438,0.4993,33408.49,0.0,3045.2999999999997,25604.06,11,7,11,3,0,32.0,22.0,11.0,0.0,0.0,0.6364,0.5007,0.6976744186046512,7,0.9485516219167373
120167,2025-04-01,2026-03-31,0.8525,0.3704,0.5063,33860.69,0.0,3138.37,30254.58,10,7,10,2,0,27.0,20.0,10.0,0.0,0.0,0.7,0.4937,0.7142857142857143,8,0.9497758807046736
120168,2025-04-01,2026-03-31,0.7889,0.3265,0.4497,42111.09,6480.220000000001,3617.9700000000003,42111.09,16,9,16,7,0,49.0,37.0,16.0,0.0,0.1539,0.5625,0.5503,0.8372093023255814,9,0.9696319115517562
120169,2025-04-01,2026-03-31,0.8221,0.2857,0.4535,23908.08,0.0,3550.7,23641.96,8,5,8,2,0,28.0,21.0,8.0,0.0,0.0,0.625,0.5465,0.4418604651162791,5,0.918084084797165
120170,2025-04-01,2026-03-31,0.7756,0.3333,0.66,74525.52,0.0,3566.58,33474.13,13,7,13,3,0,39.0,32.0,13.0,0.0,0.0,0.5385,0.34,0.9867109634551495,10,1.0
120171,2025-04-01,2026-03-31,0.8115,0.4545,0.3971,15381.86,0.0,1181.16,9685.470000000001,5,3,5,1,0,11.0,11.0,5.0,0.0,0.0,0.6,0.6029,0.18272425249169436,2,0.8779255273666874
120172,2025-04-01,2026-03-31,0.7915,0.3043,0.3366,24064.5,7848.6900000000005,1924.54,13708.46,7,4,7,2,0,23.0,14.0,7.0,0.0,0.3262,0.5714,0.6634,0.4485049833887043,5,0.9186778952190032
120173,2025-04-01,2026-03-31,0.7694,0.2857,0.4121,17662.08,0.0,2126.34,17662.08,8,4,8,4,0,28.0,17.0,8.0,0.0,0.0,0.5,0.5879,0.24916943521594684,3,0.8905123032353641
120174,2025-04-01,2026-03-31,0.755,0.3137,0.2965,42757.62,24760.829999999998,3975.24,29338.95,16,8,16,6,0,51.0,44.0,16.0,0.0,0.5791,0.5,0.7035,0.8471760797342193,9,0.9710193202844176
120175,2025-04-01,2026-03-31,0.7783,0.3143,0.3996,22737.96,2859.62,2696.14,22301.03,11,6,11,4,0,35.0,26.0,11.0,0.0,0.1258,0.5455,0.6004,0.4053156146179402,5,0.9135147467400393
120176,2025-04-01,2026-03-31,0.9149,0.3684,0.354,14079.68,2136.74,1450.17,14079.68,7,6,7,1,0,19.0,18.0,7.0,0.0,0.1518,0.8571,0.646,0.13953488372093023,2,0.8698711071757842
120177,2025-04-01,2026-03-31,0.7729,0.3269,0.159,30252.03,95388.9,2724.5699999999997,26127.89,17,9,17,6,0,52.0,43.0,17.0,0.0,1.0,0.5294,0.841,0.6411960132890365,7,0.9395143386667786
120178,2025-04-01,2026-03-31,0.696,0.3023,0.4222,49515.51,11159.859999999999,4709.18,35839.08,13,5,13,6,0,43.0,30.0,13.0,0.0,0.2254,0.3846,0.5778,0.9235880398671097,10,0.9843812718755204
120179,2025-04-01,2026-03-31,0.7542,0.3415,0.4574,34132.38,3005.3,4446.94,32577.210000000003,14,7,14,4,0,41.0,33.0,14.0,0.0,0.088,0.5,0.5426,0.717607973421927,8,0.9505035997083341
120180,2025-04-01,2026-03-31,0.8737,0.322,0.552,76712.69,12022.01,6141.42,56077.299999999996,19,14,19,4,0,59.0,50.0,19.0,0.0,0.1567,0.7368,0.448,0.9950166112956811,10,1.0
120181,2025-04-01,2026-03-31,0.6806,0.3548,0.5547,57317.33,8745.16,6459.45,57317.33,11,4,11,7,0,31.0,26.0,11.0,0.0,0.1526,0.3636,0.4453,0.946843853820598,10,0.9977048848752075
120182,2025-04-01,2026-03-31,0.7565,0.3125,0.5968,59130.89,0.0,6166.679999999999,54618.16,10,5,10,2,1,32.0,27.0,10.0,0.5,0.0,0.5,0.4032,0.9568106312292359,10,1.0
120183,2025-04-01,2026-03-31,0.8788,0.3636,0.3521,26024.7,7807.129999999999,4004.78,26024.7,8,6,8,2,0,22.0,18.0,8.0,0.0,0.3,0.75,0.6479,0.5083056478405316,6,0.9258084933324343
120184,2025-04-01,2026-03-31,0.7044,0.3226,0.3963,17089.27,707.83,1675.6599999999999,16372.36,10,4,10,5,0,31.0,22.0,10.0,0.0,0.0414,0.4,0.6037,0.23588039867109634,3,0.8875102497530454
120185,2025-04-01,2026-03-31,0.9344,0.4167,0.3795,12596.48,0.0,1336.95,12596.48,5,5,5,0,0,12.0,8.0,5.0,,0.0,1.0,0.6205,0.11295681063122924,2,0.8597353294704424
120186,2025-04-01,2026-03-31,0.8591,0.35,0.4325,20939.48,0.0,2361.61,20939.48,7,5,7,2,0,20.0,17.0,7.0,0.0,0.0,0.7143,0.5675,0.34219269102990035,4,0.9060116709487175
120187,2025-04-01,2026-03-31,0.6484,0.3333,0.3034,10753.5,4508.06,1542.0800000000002,10753.5,4,1,4,3,0,12.0,10.0,4.0,0.0,0.4192,0.25,0.6966,0.07308970099667775,1,0.8453318896999787
120188,2025-04-01,2026-03-31,0.7631,0.3529,0.3675,11077.130000000001,0.0,1499.76,11077.130000000001,6,3,6,3,0,17.0,12.0,6.0,0.0,0.0,0.5,0.6325,0.07973421926910298,1,0.8480317401394515
120189,2025-04-01,2026-03-31,0.9049,0.3235,0.4414,21612.010000000002,0.0,2678.83,21612.010000000002,11,9,11,2,0,34.0,25.0,11.0,0.0,0.0,0.8182,0.5586,0.3687707641196013,4,0.9088902477226118
120190,2025-04-01,2026-03-31,0.7456,0.4,0.3356,28098.74,9910.28,2596.15,23998.91,10,5,10,4,0,25.0,19.0,10.0,0.0,0.3527,0.5,0.6644,0.5880398671096345,6,0.932790713933984
120191,2025-04-01,2026-03-31,0.8509,0.4,0.4087,25794.78,3258.62,3175.02,25794.78,10,7,10,3,0,25.0,16.0,10.0,0.0,0.1263,0.7,0.5913,0.4983388704318937,5,0.9250004494162912
120192,2025-04-01,2026-03-31,0.6765,0.3158,0.2759,14166.43,10985.53,1482.29,13299.75,12,4,12,6,0,38.0,28.0,12.0,0.0,0.7755,0.3333,0.7241,0.14285714285714285,2,0.8704304095068401
120193,2025-04-01,2026-03-31,0.8747,0.3243,0.3135,33847.99,16532.83,4127.02,33333.15,12,9,12,2,0,37.0,28.0,12.0,0.0,0.4884,0.75,0.6865,0.7109634551495017,8,0.9497417211872212
120194,2025-04-01,2026-03-31,0.8608,0.3415,0.5035,43066.090000000004,2634.38,5011.04,43066.090000000004,14,10,14,4,0,41.0,33.0,14.0,0.0,0.0612,0.7143,0.4965,0.8604651162790697,9,0.9716739000481943
120195,2025-04-01,2026-03-31,0.8214,0.3478,0.3147,16012.95,6556.14,1844.86,16012.95,8,5,8,3,0,23.0,16.0,8.0,0.0,0.4094,0.625,0.6853,0.19933554817275748,2,0.8815867779121818
120196,2025-04-01,2026-03-31,0.7176,0.3243,0.3735,28010.13,7110.7,1464.71,15760.1,12,5,12,2,0,37.0,30.0,12.0,0.0,0.2539,0.4167,0.6265,0.5714285714285714,6,0.9325031057290984
120197,2025-04-01,2026-03-31,0.7208,0.3256,0.5702,50128.4,2409.0200000000004,2367.9,19951.88,14,6,14,5,0,43.0,39.0,14.0,0.0,0.0481,0.4286,0.4298,0.9269102990033222,10,0.985501467084254
120198,2025-04-01,2026-03-31,0.8174,0.381,0.446,22503.73,0.0,1926.61,17708.760000000002,8,5,8,2,0,21.0,19.0,8.0,0.0,0.0,0.625,0.554,0.38870431893687707,4,0.9125718729643926
120199,2025-04-01,2026-03-31,0.5828,0.3448,0.4442,22233.57,0.0,2801.31,21435.02,10,2,10,6,0,29.0,21.0,10.0,0.0,0.0,0.2,0.5558,0.3853820598006645,4,0.9114721018264341
120200,2025-04-01,2026-03-31,0.7289,0.3462,0.3778,20197.41,3305.67,2507.89,19426.13,9,4,9,4,0,26.0,17.0,9.0,0.0,0.1637,0.4444,0.6222,0.3122923588039867,4,0.9027261473498013
120201,2025-04-01,2026-03-31,0.7557,0.32,0.3988,15560.05,0.0,1029.36,8160.1900000000005,8,4,8,2,0,25.0,23.0,8.0,0.0,0.0,0.5,0.6012,0.1893687707641196,2,0.8789742921977028
120202,2025-04-01,2026-03-31,0.8096,0.3226,0.3465,16548.58,3587.1,2061.19,15965.470000000001,10,6,10,3,0,31.0,24.0,10.0,0.0,0.2168,0.6,0.6535,0.2159468438538206,3,0.8845827500099298
120203,2025-04-01,2026-03-31,0.927,0.2812,0.5819,59838.17,1390.02,7214.01,59838.17,9,8,9,1,0,32.0,21.0,9.0,0.0,0.0232,0.8889,0.4181,0.9601328903654485,10,1.0
120204,2025-04-01,2026-03-31,0.8727,0.3191,0.2223,48701.92,90410.33,5419.82,47842.11,15,11,15,2,0,47.0,34.0,15.0,0.0,1.0,0.7333,0.7777,0.9136212624584718,10,0.9828726399216748
120205,2025-04-01,2026-03-31,0.7666,0.3429,0.5399,43832.759999999995,0.0,4945.39,42508.6,12,6,12,4,0,35.0,23.0,12.0,0.0,0.0,0.5,0.4601,0.8704318936877077,9,0.973280696594088
120206,2025-04-01,2026-03-31,0.6556,0.3889,0.3657,10806.15,0.0,1159.48,10806.15,7,2,7,5,0,18.0,12.0,7.0,0.0,0.0,0.2857,0.6343,0.07641196013289037,1,0.8457766053602171
120207,2025-04-01,2026-03-31,0.7602,0.4,0.4516,33845.59,3477.99,3337.88,33845.59,6,3,6,3,0,15.0,13.0,6.0,0.0,0.1028,0.5,0.5484,0.707641196013289,8,0.9497352644055017
120208,2025-04-01,2026-03-31,0.8689,0.3056,0.5007,33410.93,0.0,3665.66,29053.55,11,8,11,2,0,36.0,22.0,11.0,0.0,0.0,0.7273,0.4993,0.7009966777408638,8,0.9485582721871123
120209,2025-04-01,2026-03-31,0.6347,0.2857,0.2811,13749.73,9727.720000000001,1503.69,13376.01,8,2,8,5,0,28.0,22.0,8.0,0.0,0.7075,0.25,0.7189,0.12956810631229235,2,0.8677118794531221
120210,2025-04-01,2026-03-31,0.8425,0.3429,0.437,29408.35,2899.47,2338.32,21050.91,12,8,12,2,0,35.0,28.0,12.0,0.0,0.0986,0.6667,0.563,0.6245847176079734,7,0.9369387808296769
120211,2025-04-01,2026-03-31,0.7816,0.375,0.2136,20610.0,70625.89,2022.45,16457.17,9,5,9,2,0,24.0,22.0,9.0,0.0,1.0,0.5556,0.7864,0.32558139534883723,4,0.9045675058709207
120212,2025-04-01,2026-03-31,0.707,0.3333,0.3047,30644.489999999998,15657.130000000001,3324.14,29298.350000000002,15,6,15,6,0,45.0,26.0,15.0,0.0,0.5109,0.4,0.6953,0.6445182724252492,7,0.9406880460865651
120213,2025-04-01,2026-03-31,0.7504,0.3571,0.4818,40782.64,3699.09,3769.5,39805.51,10,5,10,3,0,28.0,23.0,10.0,0.0,0.0907,0.5,0.5182,0.813953488372093,9,0.9667130371253367
120214,2025-04-01,2026-03-31,0.8625,0.3684,0.3073,9968.52,3746.88,1211.2,9653.62,7,5,7,1,0,19.0,16.0,7.0,0.0,0.3759,0.7143,0.6927,0.05647840531561462,1,0.8384301656246711
120215,2025-04-01,2026-03-31,0.6522,0.3056,0.3854,26095.829999999998,5440.2699999999995,2616.77,20879.379999999997,11,3,11,7,0,36.0,31.0,11.0,0.0,0.2085,0.2727,0.6146,0.5182724252491694,6,0.9260570313138108
120216,2025-04-01,2026-03-31,0.8679,0.3438,0.4624,25747.22,0.0,2469.49,25220.0,11,8,11,2,0,32.0,26.0,11.0,0.0,0.0,0.7273,0.5376,0.4950166112956811,5,0.9248324030882419
120217,2025-04-01,2026-03-31,0.9371,0.3333,0.3416,18889.66,4979.84,3036.94,18889.66,7,7,7,0,0,21.0,16.0,7.0,,0.2636,1.0,0.6584,0.2857142857142857,3,0.8966308249991765
120218,2025-04-01,2026-03-31,0.8255,0.3333,0.5377,45101.240000000005,320.52,5003.07,40352.770000000004,11,7,11,1,0,33.0,26.0,11.0,0.0,0.0071,0.6364,0.4623,0.893687707641196,9,0.9758784663706292
120219,2025-04-01,2026-03-31,0.8557,0.3333,0.4396,26537.94,1765.88,2658.72,26537.94,10,7,10,3,0,30.0,22.0,10.0,0.0,0.0665,0.7,0.5604,0.53156146179402,6,0.9275867964097436
120220,2025-04-01,2026-03-31,0.8142,0.3333,0.4604,49059.54,7725.16,5800.05,48279.02,13,8,13,3,0,39.0,29.0,13.0,0.0,0.1575,0.6154,0.5396,0.9169435215946844,10,0.9835388517648004
120221,2025-04-01,2026-03-31,0.7017,0.3448,0.2555,18540.29,23788.73,1909.81,17696.39,10,4,10,4,0,29.0,24.0,10.0,0.0,1.0,0.4,0.7445,0.2757475083056478,3,0.8949309345037412
120222,2025-04-01,2026-03-31,0.7823,0.3103,0.5296,42094.52,0.0,4818.54,40578.229999999996,9,5,9,3,0,29.0,21.0,9.0,0.0,0.0,0.5556,0.4704,0.8338870431893688,9,0.9695960741637222
120223,2025-04-01,2026-03-31,0.8517,0.3448,0.14,36002.33,95388.9,4131.64,36002.33,10,7,10,3,0,29.0,24.0,10.0,0.0,1.0,0.7,0.86,0.7408637873754153,8,0.9553604276268811
120224,2025-04-01,2026-03-31,0.7921,0.3256,0.3727,31519.57,8723.48,3035.0499999999997,23644.87,14,8,14,2,0,43.0,32.0,14.0,0.0,0.2768,0.5714,0.6273,0.6710963455149501,7,0.9432518704989143
120225,2025-04-01,2026-03-31,0.8366,0.2857,0.3406,8575.12,0.0,1047.42,8065.599999999999,6,4,6,1,0,21.0,16.0,6.0,0.0,0.0,0.6667,0.6594,0.023255813953488372,1,0.8247207681404388
120226,2025-04-01,2026-03-31,0.7862,0.3333,0.4889,30119.32,0.0,3315.4800000000005,29619.59,9,5,9,3,0,27.0,17.0,9.0,0.0,0.0,0.5556,0.5111,0.6378737541528239,7,0.9391140030310949
120227,2025-04-01,2026-03-31,0.9167,0.2917,0.5049,33682.25,0.0,4496.05,33682.25,7,6,7,1,0,24.0,18.0,7.0,0.0,0.0,0.8571,0.4951,0.7043189368770764,8,0.9492947472220254
120228,2025-04-01,2026-03-31,0.8155,0.3095,0.6029,50809.87,0.0,5436.8,41884.31,13,8,13,3,0,42.0,28.0,13.0,0.0,0.0,0.6154,0.3971,0.9302325581395349,10,0.9867310393383125
120229,2025-04-01,2026-03-31,0.7269,0.2903,0.2937,23799.79,13637.18,1233.37,11260.83,9,4,9,4,0,31.0,24.0,9.0,0.0,0.573,0.4444,0.7063,0.43853820598006643,5,0.9176707080507805
120230,2025-04-01,2026-03-31,0.7763,0.3143,0.4104,20944.89,1303.97,2317.74,20714.309999999998,11,6,11,4,0,35.0,27.0,11.0,0.0,0.0623,0.5455,0.5896,0.34551495016611294,4,0.9060351937868005
120231,2025-04-01,2026-03-31,0.8374,0.2903,0.4717,27292.21,0.0,3074.44,27292.21,9,6,9,2,1,31.0,22.0,9.0,0.5,0.0,0.6667,0.5283,0.5514950166112956,6,0.9301387848837325
120232,2025-04-01,2026-03-31,0.8599,0.2917,0.3812,12755.83,0.0,1455.56,12755.83,7,5,7,2,0,24.0,18.0,7.0,0.0,0.0,0.7143,0.6188,0.11627906976744186,2,0.8608799753954393
120233,2025-04-01,2026-03-31,0.867,0.3043,0.2723,11721.9,11374.52,1553.68,11484.16,7,5,7,1,0,23.0,15.0,7.0,0.0,0.9704,0.7143,0.7277,0.10299003322259136,2,0.8531832120276794
120234,2025-04-01,2026-03-31,0.8359,0.2903,0.5156,36502.31,0.0,3650.2,29935.32,9,6,9,2,0,31.0,20.0,9.0,0.0,0.0,0.6667,0.4844,0.7541528239202658,8,0.9566163040636865
120235,2025-04-01,2026-03-31,0.7249,0.3043,0.3954,15263.85,0.0,1768.46,15263.85,7,3,7,4,0,23.0,16.0,7.0,0.0,0.0,0.4286,0.6046,0.1760797342192691,2,0.877224252775688
120236,2025-04-01,2026-03-31,0.7803,0.2812,0.3325,18866.19,5605.79,2556.38,18866.19,9,5,9,4,0,32.0,21.0,9.0,0.0,0.2971,0.5556,0.6675,0.2823920265780731,3,0.8965176185769779
120237,2025-04-01,2026-03-31,0.7722,0.3333,0.2922,14261.58,8221.7,1674.42,14095.980000000001,6,3,6,2,0,18.0,14.0,6.0,0.0,0.5765,0.5,0.7078,0.1461794019933555,2,0.8710399444083966
120238,2025-04-01,2026-03-31,0.7165,0.3333,0.3622,41025.64,13972.61,4827.66,40455.54,12,5,12,6,0,36.0,28.0,12.0,0.0,0.3406,0.4167,0.6378,0.8205980066445183,9,0.9672539967450311
120239,2025-04-01,2026-03-31,0.8566,0.3333,0.4163,18317.8,0.0,2197.59,18317.8,10,7,10,3,0,30.0,24.0,10.0,0.0,0.0,0.7,0.5837,0.26245847176079734,3,0.8938316134244819
120240,2025-04-01,2026-03-31,0.94,0.3684,0.3171,28643.63,13009.36,2761.5,28643.63,7,7,7,0,0,19.0,15.0,7.0,,0.4542,1.0,0.6829,0.6112956810631229,7,0.9345396123502918
120241,2025-04-01,2026-03-31,0.8533,0.2941,0.3761,26818.54,6267.28,3249.25,26405.3,10,7,10,2,0,34.0,20.0,10.0,0.0,0.2337,0.7,0.6239,0.5382059800664452,6,0.9285445491362508
120242,2025-04-01,2026-03-31,0.8617,0.3182,0.377,42388.03,12948.98,2672.87,22014.550000000003,7,5,7,0,0,22.0,18.0,7.0,,0.3055,0.7143,0.623,0.840531561461794,9,0.9702287955744534
120243,2025-04-01,2026-03-31,0.8282,0.3548,0.2664,38614.19,32180.98,4128.8,29972.48,11,7,11,2,0,31.0,25.0,11.0,0.0,0.8334,0.6364,0.7336,0.7873754152823921,8,0.9617378605535213
120244,2025-04-01,2026-03-31,0.7095,0.3333,0.2704,19309.35,17128.77,1821.46,19309.35,5,2,5,3,0,15.0,9.0,5.0,0.0,0.8871,0.4,0.7296,0.2956810631229236,3,0.8986317758735153
120245,2025-04-01,2026-03-31,0.844,0.375,0.3194,15566.900000000001,5723.97,2360.73,15566.900000000001,3,2,3,1,0,8.0,6.0,3.0,0.0,0.3677,0.6667,0.6806,0.19269102990033224,2,0.8790143688358164
120246,2025-04-01,2026-03-31,0.7003,0.3333,0.5422,47817.229999999996,693.56,4709.56,39612.54,15,6,15,6,1,45.0,34.0,15.0,0.1667,0.0145,0.4,0.4578,0.9102990033222591,10,0.9812032954266515
120247,2025-04-01,2026-03-31,0.7624,0.3846,0.3283,18975.93,6367.67,2146.89,18157.45,10,5,10,3,0,26.0,18.0,10.0,0.0,0.3356,0.5,0.6717,0.28903654485049834,3,0.8970457389709618
120248,2025-04-01,2026-03-31,0.9065,0.3667,0.4273,25415.58,1887.0,2815.81,25415.58,11,9,11,2,0,30.0,23.0,11.0,0.0,0.0742,0.8182,0.5727,0.48172757475083056,5,0.9236519006614272
120249,2025-04-01,2026-03-31,0.8912,0.3462,0.4299,20633.420000000002,0.0,2567.9900000000002,20633.420000000002,9,7,9,2,0,26.0,21.0,9.0,0.0,0.0,0.7778,0.5701,0.3289036544850498,4,0.9046709191676775
120250,2025-04-01,2026-03-31,0.6825,0.3235,0.3879,14263.619999999999,0.0,1350.09,13535.5,11,4,11,5,0,34.0,23.0,11.0,0.0,0.0,0.3636,0.6121,0.14950166112956811,2,0.8710529681627924
120251,2025-04-01,2026-03-31,0.738,0.3333,0.3335,7647.87,0.0,847.8100000000001,7647.87,4,2,4,2,0,12.0,8.0,4.0,0.0,0.0,0.5,0.6665,0.008305647840531562,1,0.8143011677730075
120252,2025-04-01,2026-03-31,0.7371,0.3725,0.4012,37523.840000000004,8708.27,4008.35,37040.13,19,9,19,8,0,51.0,39.0,19.0,0.0,0.2321,0.4737,0.5988,0.7674418604651163,8,0.9591296193552973
120253,2025-04-01,2026-03-31,0.8865,0.3462,0.4634,25852.37,0.0,3992.6800000000003,25852.37,9,7,9,2,0,26.0,21.0,9.0,0.0,0.0,0.7778,0.5366,0.5016611295681063,6,0.92520352104696
120254,2025-04-01,2026-03-31,0.8289,0.3056,0.4914,31037.37,0.0,4313.84,30281.18,11,7,11,2,0,36.0,27.0,11.0,0.0,0.0,0.6364,0.5086,0.6611295681063123,7,0.9418480499282191
120255,2025-04-01,2026-03-31,0.8447,0.3061,0.5277,41682.049999999996,0.0,5256.3,40865.57,15,10,15,4,0,49.0,37.0,15.0,0.0,0.0,0.6667,0.4723,0.8272425249169435,9,0.9686994135184195
120256,2025-04-01,2026-03-31,0.8767,0.381,0.5078,34478.84,0.0,3572.7200000000003,34478.84,8,6,8,2,0,21.0,15.0,8.0,0.0,0.0,0.75,0.4922,0.7242524916943521,8,0.9514232319044188
120257,2025-04-01,2026-03-31,0.7843,0.3333,0.2262,9944.6,95388.9,971.53,8866.63,9,5,9,1,0,27.0,21.0,9.0,0.0,1.0,0.5556,0.7738,0.053156146179401995,1,0.8382114178554059
120258,2025-04-01,2026-03-31,0.6131,0.3462,0.3567,9697.59,0.0,780.77,9039.35,9,2,9,5,0,26.0,17.0,9.0,0.0,0.0,0.2222,0.6433,0.046511627906976744,1,0.8359212438735502
120259,2025-04-01,2026-03-31,0.9227,0.3478,0.3904,14661.67,0.0,1967.38,14661.67,8,7,8,1,0,23.0,16.0,8.0,0.0,0.0,0.875,0.6096,0.16279069767441862,2,0.8735592070729333
120260,2025-04-01,2026-03-31,0.8798,0.2963,0.3455,36207.68,12994.66,4279.28,36207.68,16,12,16,4,0,54.0,41.0,16.0,0.0,0.3589,0.75,0.6545,0.7441860465116279,8,0.9558783344356496
120261,2025-04-01,2026-03-31,0.8661,0.2917,0.4171,28012.690000000002,3627.93,3499.0,28012.690000000002,7,5,7,2,0,24.0,19.0,7.0,0.0,0.1295,0.7143,0.5829,0.574750830564784,6,0.9325114276708579
120262,2025-04-01,2026-03-31,0.8345,0.3636,0.4594,25052.85,0.0,3348.6800000000003,24438.08,12,8,12,3,0,33.0,25.0,12.0,0.0,0.0,0.6667,0.5406,0.4750830564784053,5,0.92234296251353
120263,2025-04-01,2026-03-31,0.7979,0.3077,0.382,24406.37,4963.95,3176.9,23796.89,12,7,12,2,1,39.0,27.0,12.0,0.5,0.2034,0.5833,0.618,0.4584717607973422,5,0.9199623967760485
120264,2025-04-01,2026-03-31,0.7423,0.2857,0.3683,22776.010000000002,5181.92,2594.55,22776.010000000002,8,4,8,4,0,28.0,15.0,8.0,0.0,0.2275,0.5,0.6317,0.40863787375415284,5,0.9136669963315661
120265,2025-04-01,2026-03-31,0.7414,0.3846,0.3304,32634.84,13189.88,4352.93,32356.559999999998,10,5,10,4,0,26.0,15.0,10.0,0.0,0.4042,0.5,0.6696,0.6843853820598007,7,0.946418147413938
120266,2025-04-01,2026-03-31,0.6989,0.3448,0.3021,24665.65,12618.01,3224.58,23198.280000000002,10,4,10,3,1,29.0,19.0,10.0,0.3333,0.5116,0.4,0.6979,0.46511627906976744,5,0.9209246438517711
120267,2025-04-01,2026-03-31,0.7742,0.3191,0.5469,59018.66,12950.939999999999,3778.7799999999997,33598.08,15,8,15,5,0,47.0,32.0,15.0,0.0,0.2194,0.5333,0.4531,0.9534883720930233,10,1.0
120268,2025-04-01,2026-03-31,0.7829,0.3462,0.4046,16788.69,0.0,1853.48,15965.97,9,5,9,2,0,26.0,23.0,9.0,0.0,0.0,0.5556,0.5954,0.21926910299003322,3,0.8858944268393035
120269,2025-04-01,2026-03-31,0.9097,0.2973,0.248,20776.25,27768.52,2153.86,17460.2,11,9,11,0,0,37.0,32.0,11.0,,1.0,0.8182,0.752,0.3388704318936877,4,0.9052990694945324
120270,2025-04-01,2026-03-31,0.7154,0.34,0.4096,49401.66,12262.099999999999,3943.5499999999997,40889.13,17,7,17,7,0,50.0,41.0,17.0,0.0,0.2482,0.4118,0.5904,0.920265780730897,10,0.9841716590079026
120271,2025-04-01,2026-03-31,0.7488,0.3158,0.5575,53668.18,7768.03,2783.22,27889.32,12,6,12,4,0,38.0,28.0,12.0,0.0,0.1447,0.5,0.4425,0.9368770764119602,10,0.9917147120664599
120272,2025-04-01,2026-03-31,0.8925,0.3333,0.4451,28041.41,1929.04,3902.79,24555.539999999997,9,7,9,0,1,27.0,21.0,9.0,,0.0688,0.7778,0.5549,0.5780730897009967,6,0.932604737366037
120273,2025-04-01,2026-03-31,0.8228,0.2963,0.4029,19595.58,1320.39,2468.24,19595.58,8,5,8,2,1,27.0,22.0,8.0,0.5,0.0674,0.625,0.5971,0.3023255813953488,4,0.8999716413544894
120274,2025-04-01,2026-03-31,0.8876,0.375,0.3512,11437.53,971.38,1213.31,11216.87,9,7,9,1,0,24.0,16.0,9.0,0.0,0.0849,0.7778,0.6488,0.08637873754152824,1,0.8509470389805512
120275,2025-04-01,2026-03-31,0.7659,0.3556,0.4423,37076.22,5302.82,3622.09,36906.159999999996,16,8,16,7,0,45.0,35.0,16.0,0.0,0.143,0.5,0.5577,0.760797342192691,8,0.9580368486321025
120276,2025-04-01,2026-03-31,0.7119,0.2857,0.4137,44387.11,10064.5,4166.91,43491.2,10,4,10,4,0,35.0,27.0,10.0,0.0,0.2267,0.4,0.5863,0.8837209302325582,9,0.9744250987968046
120277,2025-04-01,2026-03-31,0.6288,0.2963,0.418,18454.66,0.0,1153.54,10123.83,8,2,8,4,0,27.0,23.0,8.0,0.0,0.0,0.25,0.582,0.26578073089701,3,0.8945094069450649
120278,2025-04-01,2026-03-31,0.8352,0.4,0.4405,22701.92,398.27,1988.3000000000002,22701.92,6,4,6,2,0,15.0,10.0,6.0,0.0,0.0175,0.6667,0.5595,0.39867109634551495,4,0.913370304651565
120279,2025-04-01,2026-03-31,0.8296,0.3333,0.4841,31976.769999999997,977.16,4336.94,31701.41,11,7,11,3,0,33.0,24.0,11.0,0.0,0.0306,0.6364,0.5159,0.6777408637873754,7,0.9445632141903936
120280,2025-04-01,2026-03-31,0.9081,0.3235,0.3086,25672.71,12525.72,2741.11,25078.24,11,9,11,1,0,34.0,27.0,11.0,0.0,0.4879,0.8182,0.6914,0.49169435215946844,5,0.9245685077788763
120281,2025-04-01,2026-03-31,0.9318,0.2941,0.4479,22652.989999999998,0.0,3466.46,22652.989999999998,5,5,5,0,0,17.0,16.0,5.0,,0.0,1.0,0.5521,0.3953488372093023,4,0.9131738342645737
120282,2025-04-01,2026-03-31,0.6913,0.32,0.4079,17210.48,0.0,1620.84,16657.87,8,3,8,4,0,25.0,20.0,8.0,0.0,0.0,0.375,0.5921,0.23920265780730898,3,0.888153809923234
120283,2025-04-01,2026-03-31,0.7849,0.3214,0.641,56509.64,0.0,2359.7,21485.39,9,5,9,1,0,28.0,19.0,9.0,0.0,0.0,0.5556,0.359,0.9435215946843853,10,0.9964125818380553
120284,2025-04-01,2026-03-31,0.7708,0.3704,0.3493,16345.07,3444.22,1726.8300000000002,13345.07,10,5,10,4,0,27.0,22.0,10.0,0.0,0.2107,0.5,0.6507,0.2059800664451827,3,0.8834560248322837
120285,2025-04-01,2026-03-31,0.8201,0.32,0.3888,14411.789999999999,0.0,1790.4599999999998,14411.789999999999,8,5,8,3,0,25.0,18.0,8.0,0.0,0.0,0.625,0.6112,0.15282392026578073,2,0.8719939676709101
120286,2025-04-01,2026-03-31,0.9034,0.3235,0.628,71668.86,0.0,6647.25,54342.14,11,9,11,0,0,34.0,27.0,11.0,,0.0,0.8182,0.372,0.9833887043189369,10,1.0
120287,2025-04-01,2026-03-31,0.7609,0.3158,0.4291,20557.3,0.0,1577.4,12552.26,6,3,6,2,0,19.0,18.0,6.0,0.0,0.0,0.5,0.5709,0.3222591362126246,4,0.9043343735184642
120288,2025-04-01,2026-03-31,0.794,0.35,0.3701,11502.29,0.0,1299.9,11296.34,7,4,7,2,0,20.0,18.0,7.0,0.0,0.0,0.5714,0.6299,0.09302325581395349,1,0.8514611362556525
120289,2025-04-01,2026-03-31,0.805,0.3448,0.5635,58780.34,5465.76,7373.18,58780.34,10,6,10,4,0,29.0,25.0,10.0,0.0,0.093,0.6,0.4365,0.9501661129568106,10,1.0
120290,2025-04-01,2026-03-31,0.8478,0.3714,0.4783,32918.21,1432.53,3230.8799999999997,32918.21,13,9,13,4,0,35.0,28.0,13.0,0.0,0.0435,0.6923,0.5217,0.6910299003322259,7,0.9472054027237827
120291,2025-04-01,2026-03-31,0.8235,0.3276,0.2741,44278.01,35011.509999999995,6098.099999999999,43115.520000000004,19,12,19,5,0,58.0,47.0,19.0,0.0,0.7907,0.6316,0.7259,0.8803986710963455,9,0.974201006182208
120292,2025-04-01,2026-03-31,0.7869,0.3333,0.1901,13945.83,41010.58,1586.39,13945.83,9,5,9,4,0,27.0,20.0,9.0,0.0,1.0,0.5556,0.8099,0.1362126245847176,2,0.8690013413546261
120293,2025-04-01,2026-03-31,0.7796,0.3103,0.4877,29740.58,0.0,4322.22,29201.390000000003,9,5,9,2,0,29.0,23.0,9.0,0.0,0.0,0.5556,0.5123,0.6312292358803987,7,0.9379617134128055
120294,2025-04-01,2026-03-31,0.8634,0.3889,0.2684,13754.130000000001,13016.57,1564.76,13754.130000000001,7,5,7,2,0,18.0,14.0,7.0,0.0,0.9464,0.7143,0.7316,0.132890365448505,2,0.8677410129508372
120295,2025-04-01,2026-03-31,0.89,0.3214,0.4685,27010.18,0.0,2150.94,22095.63,9,7,9,1,0,28.0,19.0,9.0,0.0,0.0,0.7778,0.5315,0.5415282392026578,6,0.9291929192448606
120296,2025-04-01,2026-03-31,0.7836,0.375,0.3426,29235.57,9955.17,3115.45,28661.22,9,5,9,3,0,24.0,17.0,9.0,0.0,0.3405,0.5556,0.6574,0.6179401993355482,7,0.936402216127905
120297,2025-04-01,2026-03-31,0.8338,0.36,0.5445,45241.16,0.0,2119.4300000000003,18213.26,9,6,9,2,0,25.0,17.0,9.0,0.0,0.0,0.6667,0.4555,0.8970099667774086,9,0.9761605280465924
120298,2025-04-01,2026-03-31,0.8331,0.3889,0.3228,25541.31,10174.380000000001,3259.05,25356.71,14,9,14,4,0,36.0,26.0,14.0,0.0,0.3983,0.6429,0.6772,0.4850498338870432,5,0.9241012509383323
120299,2025-04-01,2026-03-31,0.7259,0.3333,0.5241,37746.12,0.0,3886.17,33432.7,16,7,16,7,0,48.0,38.0,16.0,0.0,0.0,0.4375,0.4759,0.7774086378737541,8,0.9596674352114236
ALL,2025-04-01,2026-03-31,0.7947,0.3299,0.1,76712.69,95388.9,8516.95,65948.89,3000,1739,3000,884,23,9093.0,6921.0,3000.0,0.026,0.3034,0.5797,0.9,0.9950166112956811,10,1.0
