AgentCode,PeriodStart,PeriodEnd,RetentionRate_adj,SubmissionQuality,LRadj_BENEFIT_inverted,EarnedPremium,IncurredLoss,CommissionAmount,CommissionWrittenPremium,EligibleForRenewal,Renewals,PoliciesActive,NewCount,RewriteCount,Submitted,Quoted,Bound,RewrittenPolicyRatio,LossRatio,RetentionRate,LossRatio_adj,ERadj_BENEFIT_inverted,ExpenseRatio_raw,ExpenseRatio,EP_percentile_peer,EP_decile_peer,EP_utility_peer
120000,4/1/2025,3/31/2026,0.9186,0.3256,0.3586,43909.76,15784.33,5617.71,43909.76,14,12,14,2,0,43,34,14,0,0.3595,0.8571,0.6414,0.652,0.227937616,0.348,0.873754153,9,0.973440518
120001,4/1/2025,3/31/2026,0.768,0.2727,0.3692,11460.55,0,1259.5,11460.55,6,3,6,3,0,22,18,6,0,0,0.5,0.6308,0.6809,0.20989874,0.3191,0.089700997,1,0.851130116
120002,4/1/2025,3/31/2026,0.672,0.3214,0.3896,14641.7,0,1485.85,14010.18,9,3,9,5,0,28,21,9,0,0,0.3333,0.6104,0.6924,0.201480702,0.3076,0.159468439,2,0.8734351
120003,4/1/2025,3/31/2026,0.9431,0.3636,0.4062,16952.06,0,1685.21,16952.06,4,4,4,0,0,11,9,4,,0,1,0.5938,0.6957,0.199410337,0.3043,0.225913621,3,0.886776207
120004,4/1/2025,3/31/2026,0.7999,0.34,0.3639,65350.01,29809.4,4996.55,35350.01,17,10,17,6,0,50,39,17,0,0.4561,0.5882,0.6361,0.7197,0.17645829,0.2803,0.973421927,10,1
120005,4/1/2025,3/31/2026,0.8432,0.3333,0.3315,16214.92,4628.52,1980.5,16214.92,6,4,6,2,0,18,16,6,0,0.2854,0.6667,0.6685,0.6605,0.222140596,0.3395,0.202657807,3,0.882728076
120006,4/1/2025,3/31/2026,0.6974,0.3714,0.5206,44219.82,1719.5,3479,32333.6,13,5,13,6,0,35,30,13,0,0.0389,0.3846,0.4794,0.7169,0.178675128,0.2831,0.877076412,9,0.974081257
120007,4/1/2025,3/31/2026,0.6896,0.381,0.4054,16845.28,0,2076.31,16845.28,8,3,8,5,0,21,17,8,0,0,0.375,0.5946,0.6592,0.223257672,0.3408,0.222591362,3,0.886200836
120008,4/1/2025,3/31/2026,0.8324,0.3182,0.4772,28084.69,0,4128.88,27536.8,14,9,14,3,0,44,34,14,0,0,0.6429,0.5228,0.6325,0.247015331,0.3675,0.584717608,6,0.932745171
120009,4/1/2025,3/31/2026,0.9294,0.303,0.4806,28365.34,0,3967.1,28365.34,10,9,10,1,0,33,29,10,0,0,0.9,0.5194,0.6364,0.239857305,0.3636,0.598006645,6,0.9336506
120010,4/1/2025,3/31/2026,0.7992,0.2927,0.298,30723.99,16330.85,3998.3,30417.02,12,7,12,4,0,41,30,12,0,0.5315,0.5833,0.702,0.6496,0.230136092,0.3504,0.651162791,7,0.940923971
120011,4/1/2025,3/31/2026,0.7219,0.4,0.4507,23319.4,0,2625.11,22166.44,14,6,14,6,0,35,28,14,0,0,0.4286,0.5493,0.6756,0.212571936,0.3244,0.415282392,5,0.915813939
120012,4/1/2025,3/31/2026,0.841,0.3077,0.4317,23467.53,960.71,2507.21,23012.2,12,8,12,3,0,39,26,12,0,0.0409,0.6667,0.5683,0.6844,0.206837405,0.3156,0.42192691,5,0.916390528
120013,4/1/2025,3/31/2026,0.8485,0.3421,0.5189,43703.06,1738.95,4235.94,40209.1,13,9,13,3,0,38,27,13,0,0.0398,0.6923,0.4811,0.6995,0.196925478,0.3005,0.867109635,9,0.973010854
120014,4/1/2025,3/31/2026,0.7142,0.3659,0.3239,42508.06,19037.09,5894.16,42508.06,15,6,15,9,0,41,34,15,0,0.4478,0.4,0.6761,0.6391,0.238659821,0.3609,0.843853821,9,0.970486284
120015,4/1/2025,3/31/2026,0.7673,0.3,0.3293,34194.46,14000.63,2136.25,20783.51,12,6,12,4,0,40,28,12,0,0.4094,0.5,0.6707,0.7259,0.16247357,0.2741,0.720930233,8,0.950669067
120016,4/1/2025,3/31/2026,0.6645,0.3529,0.3484,9113.37,0,1102.3,8782.53,6,2,6,3,0,17,16,6,0,0,0.3333,0.6516,0.6623,0.220954159,0.3377,0.033222591,1,0.83026375
120017,4/1/2025,3/31/2026,0.8831,0.3333,0.4902,30656.67,0,3798.72,25102.02,12,9,12,1,0,36,29,12,0,0,0.75,0.5098,0.6583,0.223911697,0.3417,0.647840532,7,0.940724231
120018,4/1/2025,3/31/2026,0.779,0.3667,0.502,36401.08,789.48,3220.41,31139.1,11,6,11,3,0,30,24,11,0,0.0217,0.5455,0.498,0.7084,0.188470177,0.2916,0.750830565,8,0.956363424
120019,4/1/2025,3/31/2026,0.8977,0.3571,0.3436,39496.44,14829.66,5457.05,39077.1,10,8,10,1,0,28,25,10,0,0.3755,0.8,0.6564,0.6397,0.238165617,0.3603,0.800664452,9,0.963794954
120020,4/1/2025,3/31/2026,0.8888,0.3214,0.4265,22525.03,904.43,2902.12,20758.44,9,7,9,1,0,28,18,9,0,0.0402,0.7778,0.5735,0.6508,0.228839784,0.3492,0.392026578,4,0.912658019
120021,4/1/2025,3/31/2026,0.781,0.4091,0.4966,32053.68,0,2534.55,20858.1,9,5,9,3,0,22,15,9,0,0,0.5556,0.5034,0.7164,0.179072044,0.2836,0.681063123,7,0.944781964
120022,4/1/2025,3/31/2026,0.7928,0.35,0.4795,28273.64,0,2813.94,28055.06,7,4,7,2,0,20,17,7,0,0,0.5714,0.5205,0.6951,0.199525211,0.3049,0.591362126,6,0.933355748
120023,4/1/2025,3/31/2026,0.8076,0.2778,0.5259,38313.6,0,3732.82,32764.38,10,6,10,1,0,36,27,10,0,0,0.6,0.4741,0.6986,0.197428067,0.3014,0.780730897,8,0.961026242
120024,4/1/2025,3/31/2026,0.8455,0.375,0.2623,14576.32,15718.01,1944.09,14576.32,6,4,6,2,0,16,13,6,0,1,0.6667,0.7377,0.6456,0.23337317,0.3544,0.156146179,2,0.873027598
120025,4/1/2025,3/31/2026,0.8698,0.3235,0.2951,34850.1,20011.79,2739.87,20596.79,11,8,11,2,0,34,26,11,0,0.5742,0.7273,0.7049,0.7174,0.178618713,0.2826,0.73089701,8,0.952398492
120026,4/1/2025,3/31/2026,0.8268,0.2895,0.3217,23471.51,9482.85,2711.46,22910.89,11,7,11,3,0,38,23,11,0,0.404,0.6364,0.6783,0.6682,0.215521328,0.3318,0.425249169,5,0.91640597
120027,4/1/2025,3/31/2026,0.7107,0.3448,0.4953,31275.17,0,1960.16,17159.38,10,4,10,5,0,29,22,10,0,0,0.4,0.5047,0.7243,0.162674639,0.2757,0.667774086,7,0.942543058
120028,4/1/2025,3/31/2026,0.847,0.3714,0.5777,62504.36,1884.42,8516.95,62351.05,13,9,13,2,1,35,23,13,0.5,0.0301,0.6923,0.4223,0.6409,0.236261694,0.3591,0.970099668,10,1
120029,4/1/2025,3/31/2026,0.807,0.4348,0.4021,15744.21,0,1737.46,14782.72,10,6,10,2,0,23,17,10,0,0,0.6,0.5979,0.6796,0.210355489,0.3204,0.196013289,2,0.880045649
120030,4/1/2025,3/31/2026,0.8148,0.3421,0.4248,21649.15,795.15,2852.62,21022.68,13,8,13,4,0,38,31,13,0,0.0367,0.6154,0.5752,0.6475,0.231765912,0.3525,0.372093023,4,0.909046595
120031,4/1/2025,3/31/2026,0.8777,0.3333,0.3386,8450.01,0,1016.79,8450.01,4,3,4,1,0,12,9,4,0,0,0.75,0.6614,0.6637,0.220330035,0.3363,0.019933555,1,0.82338256
120032,4/1/2025,3/31/2026,0.8168,0.3333,0.3396,9353.76,434.96,1058.17,8402.45,8,5,8,1,0,24,21,8,0,0.0465,0.625,0.6604,0.6736,0.213127769,0.3264,0.03986711,1,0.832634357
120033,4/1/2025,3/31/2026,0.8128,0.3714,0.5139,45842.83,2669.02,4984.4,45842.83,13,8,13,5,0,35,25,13,0,0.0582,0.6154,0.4861,0.6824,0.208728017,0.3176,0.903654485,10,0.977363563
120034,4/1/2025,3/31/2026,0.7439,0.2979,0.4707,27146.67,0,4021.71,25646.72,14,7,14,3,1,47,35,14,0.3333,0,0.5,0.5293,0.6297,0.248147452,0.3703,0.548172757,6,0.929651903
120035,4/1/2025,3/31/2026,0.7934,0.3333,0.3979,15431.35,0,2272.08,15431.35,7,4,7,3,0,21,17,7,0,0,0.5714,0.6021,0.6316,0.247237928,0.3684,0.186046512,2,0.878218022
120036,4/1/2025,3/31/2026,0.6014,0.2703,0.4555,24126.91,0,1647.99,13636.23,10,2,10,6,0,37,29,10,0,0,0.2,0.5445,0.7216,0.168305059,0.2784,0.451827243,5,0.918913743
120037,4/1/2025,3/31/2026,0.8122,0.3158,0.5913,76712.69,0,8516.95,65948.89,18,11,18,6,1,57,47,18,0.1667,0,0.6111,0.4087,0.6779,0.211024004,0.3221,0.995016611,10,1
120038,4/1/2025,3/31/2026,0.8317,0.3256,0.6099,53351.81,0,5055.92,39648.01,14,9,14,2,0,43,34,14,0,0,0.6429,0.3901,0.7027,0.19476567,0.2973,0.933554817,10,0.991176332
120039,4/1/2025,3/31/2026,0.7496,0.3478,0.3558,23472.26,6491.21,2776.58,23472.26,8,4,8,4,0,23,15,8,0,0.2765,0.5,0.6442,0.6652,0.218291975,0.3348,0.428571429,5,0.916408879
120040,4/1/2025,3/31/2026,0.6879,0.32,0.3929,14938.66,0,1360.31,14485.86,8,3,8,4,0,25,21,8,0,0,0.375,0.6071,0.7069,0.191059707,0.2931,0.166112957,2,0.875263389
120041,4/1/2025,3/31/2026,0.7519,0.359,0.2794,22216.25,15707.9,2390.27,20501,14,7,14,3,0,39,29,14,0,0.707,0.5,0.7206,0.6829,0.207591065,0.3171,0.382059801,4,0.91140114
120042,4/1/2025,3/31/2026,0.8044,0.3571,0.2531,15038.78,20684.73,1583.11,11527.13,10,6,10,2,0,28,17,10,0,1,0.6,0.7469,0.6876,0.205268512,0.3124,0.172757475,2,0.875871614
120043,4/1/2025,3/31/2026,0.8241,0.3793,0.5172,36676.54,0,3793.42,36436.23,11,7,11,3,0,29,25,11,0,0,0.6364,0.4828,0.6895,0.203429058,0.3105,0.757475083,8,0.957049906
120044,4/1/2025,3/31/2026,0.8951,0.2857,0.2298,40492.05,90593.52,2865.97,22709.24,14,11,14,1,0,49,36,14,0,1,0.7857,0.7702,0.7209,0.170778585,0.2791,0.810631229,9,0.966061886
120045,4/1/2025,3/31/2026,0.7389,0.4,0.2181,13307.86,36576.89,1364.05,13307.86,6,3,6,3,0,15,13,6,0,1,0.5,0.7819,0.6908,0.202499575,0.3092,0.126245847,2,0.864737632
120046,4/1/2025,3/31/2026,0.7031,0.3125,0.2396,8181.39,24881.88,793.36,7763,5,2,5,2,0,16,10,5,0,1,0.4,0.7604,0.6992,0.196971297,0.3008,0.016611296,1,0.820441119
120047,4/1/2025,3/31/2026,0.7187,0.3077,0.4469,36341.54,4694.53,3613.25,27085.86,12,5,12,4,1,39,32,12,0.25,0.1292,0.4167,0.5531,0.6954,0.19942479,0.3046,0.747508306,8,0.95621436
120048,4/1/2025,3/31/2026,0.8381,0.2927,0.3503,35251.69,12259.77,3250.94,28257.19,12,8,12,2,0,41,30,12,0,0.3478,0.6667,0.6497,0.7061,0.192220827,0.2939,0.734219269,8,0.953441797
120049,4/1/2025,3/31/2026,0.8964,0.3333,0.4361,21165.11,0,3415.16,21165.11,5,4,5,1,0,15,11,5,0,0,0.8,0.5639,0.6065,0.261358009,0.3935,0.355481728,4,0.906987595
120050,4/1/2025,3/31/2026,0.7986,0.3077,0.4696,27115.31,0,2819.11,23551.06,12,7,12,4,0,39,32,12,0,0,0.5833,0.5304,0.6887,0.203967463,0.3113,0.544850498,6,0.929546651
120051,4/1/2025,3/31/2026,0.8388,0.2857,0.363,10567.47,0,1280.8,10567.47,6,4,6,2,0,21,16,6,0,0,0.6667,0.637,0.6617,0.221202142,0.3383,0.066445183,1,0.843742935
120052,4/1/2025,3/31/2026,0.7534,0.3226,0.2425,18640.58,31701.61,2087.66,14731.92,10,5,10,3,0,31,27,10,0,1,0.5,0.7575,0.6766,0.211995442,0.3234,0.279069767,3,0.89542216
120053,4/1/2025,3/31/2026,0.9131,0.3529,0.2032,44863.42,93546.26,3610.38,31386.71,12,10,12,1,0,34,29,12,0,1,0.8333,0.7968,0.7135,0.180474917,0.2865,0.887043189,9,0.975397037
120054,4/1/2025,3/31/2026,0.7652,0.2857,0.3474,9082.1,0,1414.04,8761.31,4,2,4,1,0,14,9,4,0,0,0.5,0.6526,0.6138,0.255695269,0.3862,0.029900332,1,0.829950794
120055,4/1/2025,3/31/2026,0.8403,0.4286,0.2993,7647.87,1474.32,780.77,7032.23,3,2,3,1,0,7,4,3,0,0.2758,0.6667,0.7007,0.691,0.202089863,0.309,0.008305648,1,0.814301168
120056,4/1/2025,3/31/2026,0.8582,0.3448,0.4112,47745.07,11468.43,5263.05,47745.07,10,7,10,3,0,29,17,10,0,0.2402,0.7,0.5888,0.6799,0.210232323,0.3201,0.906976744,10,0.981065775
120057,4/1/2025,3/31/2026,0.7229,0.2917,0.4654,26071.14,0,3885.69,26071.14,7,3,7,3,1,24,14,7,0.3333,0,0.4286,0.5346,0.6251,0.249041814,0.3749,0.514950166,6,0.925970838
120058,4/1/2025,3/31/2026,0.7749,0.325,0.4865,29374.06,0,4126.21,28989.65,13,7,13,4,1,40,31,13,0.25,0,0.5385,0.5135,0.6357,0.240471218,0.3643,0.621262458,7,0.936832545
120059,4/1/2025,3/31/2026,0.7645,0.2963,0.4146,18009.43,0,1773.69,17425.01,8,4,8,3,0,27,20,8,0,0,0.5,0.5854,0.6968,0.198486737,0.3032,0.255813953,3,0.892285677
120060,4/1/2025,3/31/2026,0.8938,0.3256,0.3549,41697.35,15110.22,5025.22,41697.35,14,11,14,3,0,43,37,14,0,0.3624,0.7857,0.6451,0.6629,0.220516532,0.3371,0.830564784,9,0.968732832
120061,4/1/2025,3/31/2026,0.8493,0.3421,0.3007,29910.54,15723.39,3917.98,29159.5,13,9,13,2,0,38,31,13,0,0.5257,0.6923,0.6993,0.6479,0.230989945,0.3521,0.634551495,7,0.938480609
120062,4/1/2025,3/31/2026,0.7895,0.3684,0.3787,12560,0,1431.01,12560,7,4,7,3,0,19,17,7,0,0,0.5714,0.6213,0.6711,0.213933917,0.3289,0.109634551,2,0.859471249
120063,4/1/2025,3/31/2026,0.8109,0.3226,0.4433,21880.94,0,2836.32,21430.75,10,6,10,3,0,31,23,10,0,0,0.6,0.5567,0.65,0.229625144,0.35,0.378737542,4,0.910016333
120064,4/1/2025,3/31/2026,0.7447,0.3333,0.5316,42804.52,0,4595.99,41047.27,12,6,12,4,0,36,23,12,0,0,0.5,0.4684,0.6834,0.207371605,0.3166,0.850498339,9,0.971119147
120065,4/1/2025,3/31/2026,0.6944,0.325,0.4154,31849.22,5121.1,3669.66,27935.56,13,5,13,4,1,40,29,13,0.25,0.1608,0.3846,0.5846,0.669,0.215219776,0.331,0.674418605,7,0.94419927
120066,4/1/2025,3/31/2026,0.8853,0.3421,0.3159,37578.92,17993.46,4445,37344.28,13,10,13,2,0,38,30,13,0,0.4788,0.7692,0.6841,0.6654,0.2182844,0.3346,0.77076412,8,0.959263184
120067,4/1/2025,3/31/2026,0.8417,0.2857,0.2578,16418.87,18790.37,2202.17,16418.87,6,4,6,2,0,21,15,6,0,1,0.6667,0.7422,0.6436,0.234124334,0.3564,0.209302326,3,0.883866229
120068,4/1/2025,3/31/2026,0.748,0.3333,0.4129,17717.29,0,2037.37,17717.29,6,3,6,3,0,18,15,6,0,0,0.5,0.5871,0.6695,0.21499332,0.3305,0.252491694,3,0.890796493
120069,4/1/2025,3/31/2026,0.8395,0.3636,0.4979,33247.33,0,3340.6,26211.11,12,8,12,3,0,33,25,12,0,0,0.6667,0.5021,0.6935,0.200477241,0.3065,0.694352159,7,0.948111298
120070,4/1/2025,3/31/2026,0.8037,0.3125,0.1971,14973.29,82188.62,1598.81,13454.71,10,6,10,2,0,32,26,10,0,1,0.6,0.8029,0.6849,0.206777468,0.3151,0.169435216,2,0.875474225
120071,4/1/2025,3/31/2026,0.7472,0.2791,0.5093,42974.92,2253.66,4840.83,42974.92,12,6,12,6,0,43,34,12,0,0.0524,0.5,0.4907,0.6754,0.212643142,0.3246,0.857142857,9,0.971480925
120072,4/1/2025,3/31/2026,0.7431,0.3448,0.3938,28540.39,5453.94,2748.73,28540.39,10,5,10,5,0,29,20,10,0,0.1911,0.5,0.6062,0.7008,0.196310177,0.2992,0.604651163,7,0.934210818
120073,4/1/2025,3/31/2026,0.8643,0.3684,0.4256,19486.79,0,2058.08,17821.97,7,5,7,0,0,19,17,7,,0,0.7143,0.5744,0.6874,0.205614111,0.3126,0.299003322,3,0.899464706
120074,4/1/2025,3/31/2026,0.7057,0.3333,0.3829,40915.4,11984.33,4211.28,37915.4,10,4,10,4,1,30,24,10,0.25,0.2929,0.4,0.6171,0.6905,0.202926526,0.3095,0.817275748,9,0.967008982
120075,4/1/2025,3/31/2026,0.7616,0.303,0.4308,20666.11,0,3056.73,19367.74,10,5,10,2,0,33,25,10,0,0,0.5,0.5692,0.6307,0.247910274,0.3693,0.332225914,4,0.904815069
120076,4/1/2025,3/31/2026,0.7397,0.4,0.3648,10672.77,0,836.18,7032.23,6,3,6,2,0,15,13,6,0,0,0.5,0.6352,0.718,0.178347046,0.282,0.069767442,1,0.844645746
120077,4/1/2025,3/31/2026,0.9248,0.3,0.4564,24879.42,0,2895.58,24479.69,9,8,9,0,0,30,22,9,,0,0.8889,0.5436,0.6674,0.216384546,0.3326,0.468438538,5,0.921710416
120078,4/1/2025,3/31/2026,0.7908,0.3333,0.2828,21840.62,14645.38,2492.31,21294.59,7,4,7,2,0,21,19,7,0,0.6706,0.5714,0.7172,0.6705,0.214113519,0.3295,0.375415282,4,0.909848386
120079,4/1/2025,3/31/2026,0.6218,0.2857,0.3098,7647.87,1279.78,780.77,7032.23,4,1,4,2,0,14,9,4,0,0.2142,0.25,0.6902,0.6916,0.202089863,0.3084,0.008305648,1,0.814301168
120080,4/1/2025,3/31/2026,0.7953,0.3636,0.2601,25159.17,25408.32,2566.86,20438.26,12,7,12,3,0,33,26,12,0,1,0.5833,0.7399,0.6921,0.202024828,0.3079,0.478405316,5,0.922728579
120081,4/1/2025,3/31/2026,0.7715,0.3333,0.4675,26369.11,0,2889.03,26194.92,10,5,10,3,1,30,23,10,0.3333,0,0.5,0.5325,0.6814,0.209561149,0.3186,0.528239203,6,0.927005649
120082,4/1/2025,3/31/2026,0.9464,0.3846,0.3346,16441,4321.14,1869.27,16441,5,5,5,0,0,13,8,5,,0.2628,1,0.6654,0.6726,0.213695639,0.3274,0.212624585,3,0.883988875
120083,4/1/2025,3/31/2026,0.7902,0.3415,0.4378,23504.11,808.64,2898.09,22733.22,14,8,14,5,0,41,29,14,0,0.0344,0.5714,0.5622,0.6589,0.223301414,0.3411,0.431893688,5,0.916532354
120084,4/1/2025,3/31/2026,0.8208,0.3636,0.4282,20206.09,0,1256.64,10712.09,8,5,8,1,0,22,15,8,0,0,0.625,0.5718,0.7267,0.162191151,0.2733,0.315614618,4,0.902765271
120085,4/1/2025,3/31/2026,0.8757,0.32,0.3376,10518.12,1187.34,1351.12,10518.12,8,6,8,2,0,25,19,8,0,0.1129,0.75,0.6624,0.6516,0.228456416,0.3484,0.063122924,1,0.843316723
120086,4/1/2025,3/31/2026,0.7298,0.375,0.3946,23089.18,3174.1,1914.82,15579.53,9,4,9,2,0,24,19,9,0,0.1375,0.4444,0.6054,0.7121,0.182931486,0.2879,0.411960133,5,0.914910508
120087,4/1/2025,3/31/2026,0.8102,0.3125,0.3846,23401.85,4325.11,1031.38,8453.5,5,3,5,1,0,16,11,5,0,0.1848,0.6,0.6154,0.7414,0.144072584,0.2586,0.418604651,5,0.916135322
120088,4/1/2025,3/31/2026,0.7966,0.2927,0.3913,24548.29,4043.35,2598.3,19761.22,12,7,12,2,0,41,30,12,0,0.1647,0.5833,0.6087,0.6864,0.20584444,0.3136,0.46179402,5,0.920490353
120089,4/1/2025,3/31/2026,0.7335,0.2903,0.3921,19251.62,1861.06,1605.85,12604.69,9,4,9,2,0,31,23,9,0,0.0967,0.4444,0.6079,0.7117,0.183413759,0.2883,0.292358804,3,0.898359131
120090,4/1/2025,3/31/2026,0.8501,0.3571,0.423,40469.51,7741.51,3896.43,37469.51,10,7,10,2,0,28,20,10,0,0.1913,0.7,0.577,0.7014,0.196280632,0.2986,0.80730897,9,0.966011184
120091,4/1/2025,3/31/2026,0.8194,0.3478,0.4545,23982.47,0,2328.72,15104.26,8,5,8,1,0,23,19,8,0,0,0.625,0.5455,0.6989,0.197100924,0.3011,0.445182724,5,0.918366971
120092,4/1/2025,3/31/2026,0.8462,0.3019,0.5604,66496.7,8737.01,7569.33,65948.89,16,11,16,4,0,53,40,16,0,0.1314,0.6875,0.4396,0.6718,0.21383016,0.3282,0.976744186,10,1
120093,4/1/2025,3/31/2026,0.6862,0.3235,0.3871,26105.47,5223.86,3231.21,25690.62,11,4,11,5,1,34,25,11,0.2,0.2001,0.3636,0.6129,0.6586,0.223775209,0.3414,0.521594684,6,0.926090663
120094,4/1/2025,3/31/2026,0.7317,0.3103,0.3604,12272.57,860.07,1566.38,11379.03,9,4,9,3,0,29,23,9,0,0.0701,0.4444,0.6396,0.6524,0.227632599,0.3476,0.106312292,2,0.857363301
120095,4/1/2025,3/31/2026,0.7856,0.3,0.4387,41278.73,6980.28,4614.17,40238.94,18,10,18,5,0,60,48,18,0,0.1691,0.5556,0.5613,0.6769,0.211780813,0.3231,0.823920266,9,0.967814023
120096,4/1/2025,3/31/2026,0.758,0.3077,0.2844,11666.84,7744.43,1392.4,10900.81,8,4,8,2,0,26,19,8,0,0.6638,0.5,0.7156,0.6646,0.219346798,0.3354,0.099667774,1,0.852754507
120097,4/1/2025,3/31/2026,0.8652,0.3415,0.5864,67333.37,0,8516.95,65948.89,14,10,14,3,0,41,26,14,0,0,0.7143,0.4136,0.6539,0.226489288,0.3461,0.980066445,10,1
120098,4/1/2025,3/31/2026,0.8717,0.3235,0.4927,38710.66,2207.35,4899.75,38710.66,11,8,11,3,0,34,25,11,0,0.057,0.7273,0.5073,0.6535,0.226573662,0.3465,0.790697674,8,0.961965071
120099,4/1/2025,3/31/2026,0.7279,0.3214,0.2365,21373.56,59689.31,2765.78,20507.53,9,4,9,3,0,28,21,9,0,1,0.4444,0.7635,0.6504,0.229401934,0.3496,0.362126246,4,0.907880009
120100,4/1/2025,3/31/2026,0.8135,0.3023,0.4614,27821.71,739.94,2940.94,24391.33,13,8,13,4,0,43,38,13,0,0.0266,0.6154,0.5386,0.6866,0.205706659,0.3134,0.561461794,6,0.9318885
120101,4/1/2025,3/31/2026,0.8063,0.2857,0.4334,22711.52,625.32,2617.23,22170.28,10,6,10,2,0,35,28,10,0,0.0275,0.6,0.5666,0.6684,0.215237994,0.3316,0.401993355,5,0.913408802
120102,4/1/2025,3/31/2026,0.6444,0.3636,0.4188,18483.08,0,2032.32,18483.08,4,1,4,3,0,11,10,4,0,0,0.25,0.5812,0.6806,0.2099557,0.3194,0.26910299,3,0.894649525
120103,4/1/2025,3/31/2026,0.7769,0.2973,0.4213,25975.42,2526.36,2891.18,24408.93,11,6,11,2,1,37,30,11,0.5,0.0973,0.5455,0.5787,0.6771,0.211304456,0.3229,0.504983389,6,0.925635904
120104,4/1/2025,3/31/2026,0.8083,0.2941,0.3709,18532.4,3115.03,2175.26,18532.4,10,6,10,4,0,34,25,10,0,0.1681,0.6,0.6291,0.6668,0.217376055,0.3332,0.272425249,3,0.894892176
120105,4/1/2025,3/31/2026,0.7875,0.3214,0.2777,30745.1,21686.93,4563.74,30745.1,9,5,9,3,1,28,22,9,0.3333,0.7054,0.5556,0.7223,0.6286,0.248437962,0.3714,0.65448505,7,0.940986514
120106,4/1/2025,3/31/2026,0.9206,0.3182,0.5223,37714.49,0,4226.62,37252.17,7,6,7,0,0,22,16,7,,0,0.8571,0.4777,0.6764,0.212068863,0.3236,0.774086379,8,0.959591099
120107,4/1/2025,3/31/2026,0.8708,0.3056,0.2876,18079.1,11341.18,2194.03,18079.1,11,8,11,3,0,36,25,11,0,0.6273,0.7273,0.7124,0.6614,0.221357258,0.3386,0.259136213,3,0.892637253
120108,4/1/2025,3/31/2026,0.7736,0.3,0.1819,32805.1,45151.48,1970.13,16886.64,15,8,15,3,0,50,33,15,0,1,0.5333,0.8181,0.7284,0.160055601,0.2716,0.687707641,7,0.946891977
120109,4/1/2025,3/31/2026,0.95,0.3077,0.2333,37354.31,85115.91,5182.48,37354.31,8,8,8,0,0,26,23,8,,1,1,0.7667,0.6384,0.238738475,0.3616,0.764119601,8,0.958717289
120110,4/1/2025,3/31/2026,0.6398,0.2857,0.172,17588.65,38628.43,944.77,9723.49,8,2,8,4,0,28,22,8,0,1,0.25,0.828,0.7303,0.153714754,0.2697,0.245847176,3,0.890132948
120111,4/1/2025,3/31/2026,0.8809,0.3333,0.6181,60456.41,0,5101.56,45284.47,12,9,12,1,0,36,26,12,0,0,0.75,0.3819,0.7108,0.184384104,0.2892,0.96345515,10,1
120112,4/1/2025,3/31/2026,0.7587,0.3,0.5124,43338.56,2108.37,1876.83,14423.96,6,3,6,1,0,20,17,6,0,0.0486,0.5,0.4876,0.7436,0.143306238,0.2564,0.863787375,9,0.972248199
120113,4/1/2025,3/31/2026,0.8089,0.3846,0.3577,9842.11,0,1134.12,9842.11,5,3,5,2,0,13,10,5,0,0,0.6,0.6423,0.6687,0.215231388,0.3313,0.049833887,1,0.837268154
120114,4/1/2025,3/31/2026,0.7882,0.3333,0.3863,17489.71,1618.7,1544.91,16394.85,9,5,9,3,0,27,22,9,0,0.0926,0.5556,0.6137,0.7088,0.188332511,0.2912,0.242524917,3,0.889619289
120115,4/1/2025,3/31/2026,0.6786,0.3889,0.494,31180.71,0,2770.71,20307.85,14,5,14,4,0,36,32,14,0,0,0.3571,0.506,0.708,0.188859747,0.292,0.664451827,7,0.942267618
120116,4/1/2025,3/31/2026,0.8303,0.3793,0.4584,24909.04,0,2836.58,24909.04,11,7,11,4,0,29,21,11,0,0,0.6364,0.5416,0.6716,0.213877532,0.3284,0.471760797,5,0.92181876
120117,4/1/2025,3/31/2026,0.8025,0.3333,0.475,27570.2,0,781.08,10379.02,5,3,5,0,0,15,12,5,,0,0.6,0.525,0.7535,0.128330589,0.2465,0.558139535,6,0.931061584
120118,4/1/2025,3/31/2026,0.9114,0.3158,0.306,9149.44,3297.55,1358.17,9149.44,6,5,6,1,0,19,14,6,0,0.3604,0.8333,0.694,0.6275,0.248442965,0.3725,0.03654485,1,0.830623413
120119,4/1/2025,3/31/2026,0.7464,0.3478,0.4205,21603.34,938.14,2070.35,21603.34,8,4,8,4,0,23,20,8,0,0.0434,0.5,0.5795,0.702,0.195834718,0.298,0.365448505,4,0.908853711
120120,4/1/2025,3/31/2026,0.796,0.3529,0.4352,29672.91,3016.74,3636.98,29672.91,12,7,12,5,0,34,28,12,0,0.1017,0.5833,0.5648,0.6599,0.222569037,0.3401,0.627906977,7,0.937754288
120121,4/1/2025,3/31/2026,0.8005,0.3125,0.3445,8826.02,0,1000.02,7794.03,5,3,5,1,0,16,12,5,0,0,0.6,0.6555,0.6731,0.213303618,0.3269,0.026578073,1,0.827346608
120122,4/1/2025,3/31/2026,0.9005,0.3226,0.4739,34685.52,2250.67,2907.43,25660.19,10,8,10,1,0,31,22,10,0,0.0649,0.8,0.5261,0.7112,0.183822586,0.2888,0.727574751,8,0.951967446
120123,4/1/2025,3/31/2026,0.882,0.381,0.5667,76712.69,4026.01,6701.08,57090.72,16,12,16,3,0,42,31,16,0,0.0514,0.75,0.4333,0.7096,0.187352953,0.2904,0.995016611,10,1
120124,4/1/2025,3/31/2026,0.7344,0.3023,0.3804,28293.24,6740.97,3741.75,27721.85,13,6,13,6,0,43,34,13,0,0.2383,0.4615,0.6196,0.6465,0.232248905,0.3535,0.594684385,6,0.93341885
120125,4/1/2025,3/31/2026,0.7687,0.32,0.3111,20717.9,9535.31,2100.54,17717.9,8,4,8,3,0,25,19,8,0,0.4602,0.5,0.6889,0.6926,0.201387689,0.3074,0.335548173,4,0.905042976
120126,4/1/2025,3/31/2026,0.7406,0.3125,0.3261,30796.2,12531.27,3965.76,30012.86,10,5,10,3,0,32,23,10,0,0.4069,0.5,0.6739,0.6512,0.228774329,0.3488,0.657807309,7,0.941137733
120127,4/1/2025,3/31/2026,0.6743,0.2812,0.4004,21067.67,2170.91,2380.71,20746.16,9,3,9,4,0,32,24,9,0,0.103,0.3333,0.5996,0.6741,0.213003004,0.3259,0.348837209,4,0.906567418
120128,4/1/2025,3/31/2026,0.7776,0.3438,0.4239,26774.9,2688.98,2588.23,26774.9,11,6,11,5,0,32,25,11,0,0.1004,0.5455,0.5761,0.6998,0.196666281,0.3002,0.534883721,6,0.928396256
120129,4/1/2025,3/31/2026,0.6697,0.3103,0.3613,28056.36,8046.07,4095.99,28056.36,9,3,9,5,1,29,21,9,0.2,0.2868,0.3333,0.6387,0.6333,0.245991497,0.3667,0.581395349,6,0.932653271
120130,4/1/2025,3/31/2026,0.7511,0.3529,0.3744,17001.56,2131.17,2582.72,16185.94,6,3,6,2,0,17,15,6,0,0.1254,0.5,0.6256,0.6222,0.251910766,0.3778,0.23255814,3,0.887041704
120131,4/1/2025,3/31/2026,0.8574,0.3704,0.3718,11561.52,0,1271.92,10589.47,10,7,10,1,0,27,22,10,0,0,0.7,0.6282,0.6804,0.210013216,0.3196,0.096345515,1,0.851928806
120132,4/1/2025,3/31/2026,0.8248,0.3333,0.2506,20206.99,26940.54,2354.56,18327.89,11,7,11,2,0,33,27,11,0,1,0.6364,0.7494,0.6671,0.216522055,0.3329,0.318936877,4,0.902769327
120133,4/1/2025,3/31/2026,0.7198,0.322,0.5494,54891.05,9520.82,6817.26,50921.15,19,8,19,8,0,59,47,19,0,0.1734,0.4211,0.4506,0.6573,0.224196203,0.3427,0.940199336,10,0.993766295
120134,4/1/2025,3/31/2026,0.7572,0.3226,0.4761,27893.12,0,1591.84,12432.28,10,5,10,2,0,31,24,10,0,0,0.5,0.5239,0.7293,0.15706927,0.2707,0.564784053,6,0.93212192
120135,4/1/2025,3/31/2026,0.6617,0.3,0.4644,26052.5,0,2601.45,21505.67,9,3,9,5,0,30,24,9,0,0,0.3333,0.5356,0.6946,0.199854141,0.3054,0.511627907,6,0.925905711
120136,4/1/2025,3/31/2026,0.6844,0.3667,0.3182,19700.33,8096.2,1961.17,18883.68,11,4,11,5,0,30,23,11,0,0.411,0.3636,0.6818,0.6948,0.199550109,0.3052,0.305647841,4,0.900457098
120137,4/1/2025,3/31/2026,0.8188,0.3333,0.4196,19700.77,249.96,2360.04,16700.77,8,5,8,2,0,24,17,8,0,0.0127,0.625,0.5804,0.6643,0.219794302,0.3357,0.3089701,4,0.900459132
120138,4/1/2025,3/31/2026,0.7362,0.3167,0.5108,44983.48,2701.98,4559.67,37641.1,19,9,19,7,0,60,47,19,0,0.0601,0.4737,0.4892,0.6929,0.201363212,0.3071,0.890365449,9,0.975640398
120139,4/1/2025,3/31/2026,0.7594,0.359,0.4488,38386.35,5225.05,4314.4,37526.47,14,7,14,4,0,39,25,14,0,0.1361,0.5,0.5512,0.6761,0.212394119,0.3239,0.784053156,8,0.961198981
120140,4/1/2025,3/31/2026,0.8031,0.3448,0.4037,25558.36,3580.23,2721.49,25558.36,10,6,10,4,0,29,22,10,0,0.1401,0.6,0.5963,0.6856,0.206481402,0.3144,0.488372093,5,0.924162016
120141,4/1/2025,3/31/2026,0.7353,0.3333,0.4829,35412.26,2041.71,4682.77,35257.11,13,6,13,5,1,39,29,13,0.2,0.0577,0.4615,0.5171,0.647,0.232235841,0.353,0.737541528,8,0.953855625
120142,4/1/2025,3/31/2026,0.8181,0.32,0.325,39348.37,17010.7,2966.65,29700.43,8,5,8,1,0,25,20,8,0,0.4323,0.625,0.675,0.7203,0.175394483,0.2797,0.797342193,8,0.963452936
120143,4/1/2025,3/31/2026,0.8012,0.3704,0.3595,15321.5,2285.26,1845.46,15007.29,10,6,10,3,0,27,17,10,0,0.1492,0.6,0.6405,0.6632,0.220449042,0.3368,0.179401993,2,0.877567513
120144,4/1/2025,3/31/2026,0.6672,0.3158,0.3666,28409.68,7874.59,2974.24,27661.79,12,4,12,5,1,38,31,12,0.2,0.2772,0.3333,0.6334,0.6879,0.204691077,0.3121,0.601328904,7,0.933792829
120145,4/1/2025,3/31/2026,0.8018,0.3125,0.2644,9997.85,10820.26,1708.46,9584.16,5,3,5,1,0,16,13,5,0,1,0.6,0.7356,0.6,0.27088274,0.4,0.059800664,1,0.838697672
120146,4/1/2025,3/31/2026,0.7307,0.375,0.3837,12989.36,0,1255.51,12365.76,9,4,9,3,0,24,19,9,0,0,0.4444,0.6163,0.7001,0.196656802,0.2999,0.119601329,2,0.862531899
120147,4/1/2025,3/31/2026,0.7131,0.3125,0.3123,11302.48,4035.24,1237.62,10325.18,5,2,5,1,0,16,9,5,0,0.357,0.4,0.6877,0.6816,0.209499862,0.3184,0.083056478,1,0.849865515
120148,4/1/2025,3/31/2026,0.7701,0.3243,0.4853,29172.49,0,3223.49,29172.49,12,6,12,6,0,37,29,12,0,0,0.5,0.5147,0.6791,0.210497596,0.3209,0.61461794,7,0.936205532
120149,4/1/2025,3/31/2026,0.7082,0.3571,0.5738,62322.96,2945.86,5125.52,46627.38,15,6,15,5,0,42,28,15,0,0.0473,0.4,0.4262,0.7125,0.18224128,0.2875,0.966777409,10,1
120150,4/1/2025,3/31/2026,0.7239,0.3684,0.4071,16990.3,0,1825.71,16990.3,7,3,7,4,0,19,15,7,0,0,0.4286,0.5929,0.6831,0.207456019,0.3169,0.22923588,3,0.886981378
120151,4/1/2025,3/31/2026,0.8842,0.3333,0.2087,21200.52,68710.89,1893.41,15389.79,8,6,8,1,0,24,19,8,0,1,0.75,0.7913,0.7076,0.189309602,0.2924,0.358803987,4,0.90713981
120152,4/1/2025,3/31/2026,0.8057,0.3448,0.4728,27330.64,0,3098.31,26923.07,10,6,10,2,1,29,21,10,0.5,0,0.6,0.5272,0.6729,0.213363975,0.3271,0.554817276,6,0.930266913
120153,4/1/2025,3/31/2026,0.8549,0.3704,0.3752,28568.34,7052.14,983.24,9085.02,10,7,10,1,0,27,20,10,0,0.2469,0.7,0.6248,0.7493,0.13441712,0.2507,0.607973422,7,0.93429995
120154,4/1/2025,3/31/2026,0.8262,0.3235,0.5336,42895.6,0,4903.58,42408.65,11,7,11,3,0,34,27,11,0,0,0.6364,0.4664,0.6703,0.214314289,0.3297,0.853820598,9,0.971312698
120155,4/1/2025,3/31/2026,0.6929,0.325,0.2861,39951.94,25669.98,2414.58,19677.03,13,5,13,5,0,40,31,13,0,0.6425,0.3846,0.7139,0.7275,0.160437115,0.2725,0.803986711,9,0.964839103
120156,4/1/2025,3/31/2026,0.8991,0.3846,0.4665,26269.93,0,2681.14,23104.31,10,8,10,0,0,26,18,10,,0,0.8,0.5335,0.6918,0.202061178,0.3082,0.524916944,6,0.926662514
120157,4/1/2025,3/31/2026,0.6588,0.3043,0.3531,9471.71,0,955.95,9098.9,7,2,7,3,0,23,16,7,0,0,0.2857,0.6469,0.6932,0.200926865,0.3068,0.043189369,1,0.833775334
120158,4/1/2025,3/31/2026,0.8541,0.3448,0.5356,45273.43,380.99,4950.56,45007.29,10,7,10,2,0,29,21,10,0,0.0084,0.7,0.4644,0.6821,0.209348022,0.3179,0.900332226,10,0.976225457
120159,4/1/2025,3/31/2026,0.7326,0.3,0.4526,23739.58,0,2347.21,15010.59,9,4,9,2,0,30,24,9,0,0,0.4444,0.5474,0.696,0.198873274,0.304,0.435215947,5,0.917440053
120160,4/1/2025,3/31/2026,0.7638,0.3243,0.3205,38826.81,17755.71,4367.41,37644.3,12,6,12,3,0,37,26,12,0,0.4573,0.5,0.6795,0.6759,0.212484389,0.3241,0.794019934,8,0.962237882
120161,4/1/2025,3/31/2026,0.8161,0.3077,0.2892,13038.66,7891.53,1648.31,13038.66,8,5,8,3,0,26,17,8,0,0.6052,0.625,0.7108,0.6542,0.226417132,0.3458,0.122923588,2,0.862876835
120162,4/1/2025,3/31/2026,0.7527,0.3333,0.4343,21081.75,0,1012.41,10126.05,6,3,6,2,0,18,15,6,0,0,0.5,0.5657,0.7349,0.148023053,0.2651,0.352159468,4,0.906628253
120163,4/1/2025,3/31/2026,0.8275,0.3143,0.2453,27935.91,36240.93,3541.81,27935.91,11,7,11,4,0,35,28,11,0,1,0.6364,0.7547,0.6531,0.226783412,0.3469,0.568106312,6,0.932261503
120164,4/1/2025,3/31/2026,0.902,0.2941,0.3272,7647.87,0,780.77,7032.23,5,4,5,0,0,17,15,5,,0,0.8,0.6728,0.6913,0.202089863,0.3087,0.008305648,1,0.814301168
120165,4/1/2025,3/31/2026,0.7973,0.3333,0.2907,24389.14,14851.82,2577.43,24389.14,12,7,12,5,0,36,27,12,0,0.609,0.5833,0.7093,0.6869,0.205679413,0.3131,0.455149502,5,0.919898091
120166,4/1/2025,3/31/2026,0.831,0.3438,0.4993,33408.49,0,3045.3,25604.06,11,7,11,3,0,32,22,11,0,0,0.6364,0.5007,0.7065,0.191153476,0.2935,0.697674419,7,0.948551622
120167,4/1/2025,3/31/2026,0.8525,0.3704,0.5063,33860.69,0,3138.37,30254.58,10,7,10,2,0,27,20,10,0,0,0.7,0.4937,0.7051,0.192684762,0.2949,0.714285714,8,0.949775881
120168,4/1/2025,3/31/2026,0.7889,0.3265,0.4497,42111.09,6480.22,3617.97,42111.09,16,9,16,7,0,49,37,16,0,0.1539,0.5625,0.5503,0.71,0.185914898,0.29,0.837209302,9,0.969631912
120169,4/1/2025,3/31/2026,0.8221,0.2857,0.4535,23908.08,0,3550.7,23641.96,8,5,8,2,0,28,21,8,0,0,0.625,0.5465,0.6263,0.248514644,0.3737,0.441860465,5,0.918084085
120170,4/1/2025,3/31/2026,0.7756,0.3333,0.66,74525.52,0,3566.58,33474.13,13,7,13,3,0,39,32,13,0,0,0.5385,0.34,0.7363,0.147857164,0.2637,0.986710963,10,1
120171,4/1/2025,3/31/2026,0.8115,0.4545,0.3971,15381.86,0,1181.16,9685.47,5,3,5,1,0,11,11,5,0,0,0.6,0.6029,0.7185,0.176789153,0.2815,0.182724252,2,0.877925527
120172,4/1/2025,3/31/2026,0.7915,0.3043,0.3366,24064.5,7848.69,1924.54,13708.46,7,4,7,2,0,23,14,7,0,0.3262,0.5714,0.6634,0.7144,0.179974236,0.2856,0.448504983,5,0.918677895
120173,4/1/2025,3/31/2026,0.7694,0.2857,0.4121,17662.08,0,2126.34,17662.08,8,4,8,4,0,28,17,8,0,0,0.5,0.5879,0.6635,0.220390124,0.3365,0.249169435,3,0.890512303
120174,4/1/2025,3/31/2026,0.755,0.3137,0.2965,42757.62,24760.83,3975.24,29338.95,16,8,16,6,0,51,44,16,0,0.5791,0.5,0.7035,0.7044,0.192971498,0.2956,0.84717608,9,0.97101932
120175,4/1/2025,3/31/2026,0.7783,0.3143,0.3996,22737.96,2859.62,2696.14,22301.03,11,6,11,4,0,35,26,11,0,0.1258,0.5455,0.6004,0.6649,0.218574402,0.3351,0.405315615,5,0.913514747
120176,4/1/2025,3/31/2026,0.9149,0.3684,0.354,14079.68,2136.74,1450.17,14079.68,7,6,7,1,0,19,18,7,0,0.1518,0.8571,0.646,0.69,0.202997369,0.31,0.139534884,2,0.869871107
120177,4/1/2025,3/31/2026,0.7729,0.3269,0.159,30252.03,95388.9,2724.57,26127.89,17,9,17,6,0,52,43,17,0,1,0.5294,0.841,0.7072,0.190062386,0.2928,0.641196013,7,0.939514339
120178,4/1/2025,3/31/2026,0.696,0.3023,0.4222,49515.51,11159.86,4709.18,35839.08,13,5,13,6,0,43,30,13,0,0.2254,0.3846,0.5778,0.7024,0.19510515,0.2976,0.92358804,10,0.984381272
120179,4/1/2025,3/31/2026,0.7542,0.3415,0.4574,34132.38,3005.3,4446.94,32577.21,14,7,14,4,0,41,33,14,0,0.088,0.5,0.5426,0.6488,0.230285084,0.3512,0.717607973,8,0.9505036
120180,4/1/2025,3/31/2026,0.8737,0.322,0.552,76712.69,12022.01,6141.42,56077.3,19,14,19,4,0,59,50,19,0,0.1567,0.7368,0.448,0.7139,0.180057419,0.2861,0.995016611,10,1
120181,4/1/2025,3/31/2026,0.6806,0.3548,0.5547,57317.33,8745.16,6459.45,57317.33,11,4,11,7,0,31,26,11,0,0.1526,0.3636,0.4453,0.6749,0.212696282,0.3251,0.946843854,10,0.997704885
120182,4/1/2025,3/31/2026,0.7565,0.3125,0.5968,59130.89,0,6166.68,54618.16,10,5,10,2,1,32,27,10,0.5,0,0.5,0.4032,0.6884,0.204288638,0.3116,0.956810631,10,1
120183,4/1/2025,3/31/2026,0.8788,0.3636,0.3521,26024.7,7807.13,4004.78,26024.7,8,6,8,2,0,22,18,8,0,0.3,0.75,0.6479,0.6186,0.25388381,0.3814,0.508305648,6,0.925808493
120184,4/1/2025,3/31/2026,0.7044,0.3226,0.3963,17089.27,707.83,1675.66,16372.36,10,4,10,5,0,31,22,10,0,0.0414,0.4,0.6037,0.6977,0.19805334,0.3023,0.235880399,3,0.88751025
120185,4/1/2025,3/31/2026,0.9344,0.4167,0.3795,12596.48,0,1336.95,12596.48,5,5,5,0,0,12,8,5,,0,1,0.6205,0.6859,0.206136794,0.3141,0.112956811,2,0.859735329
120186,4/1/2025,3/31/2026,0.8591,0.35,0.4325,20939.48,0,2361.61,20939.48,7,5,7,2,0,20,17,7,0,0,0.7143,0.5675,0.6746,0.212782648,0.3254,0.342192691,4,0.906011671
120187,4/1/2025,3/31/2026,0.6484,0.3333,0.3034,10753.5,4508.06,1542.08,10753.5,4,1,4,3,0,12,10,4,0,0.4192,0.25,0.6966,0.6349,0.243402613,0.3651,0.073089701,1,0.84533189
120188,4/1/2025,3/31/2026,0.7631,0.3529,0.3675,11077.13,0,1499.76,11077.13,6,3,6,3,0,17,12,6,0,0,0.5,0.6325,0.6426,0.235392471,0.3574,0.079734219,1,0.84803174
120189,4/1/2025,3/31/2026,0.9049,0.3235,0.4414,21612.01,0,2678.83,21612.01,11,9,11,2,0,34,25,11,0,0,0.8182,0.5586,0.658,0.223950988,0.342,0.368770764,4,0.908890248
120190,4/1/2025,3/31/2026,0.7456,0.4,0.3356,28098.74,9910.28,2596.15,23998.91,10,5,10,4,0,25,19,10,0,0.3527,0.5,0.6644,0.7058,0.192393823,0.2942,0.588039867,6,0.932790714
120191,4/1/2025,3/31/2026,0.8509,0.4,0.4087,25794.78,3258.62,3175.02,25794.78,10,7,10,3,0,25,16,10,0,0.1263,0.7,0.5913,0.6596,0.223087694,0.3404,0.49833887,5,0.925000449
120192,4/1/2025,3/31/2026,0.6765,0.3158,0.2759,14166.43,10985.53,1482.29,13299.75,12,4,12,6,0,38,28,12,0,0.7755,0.3333,0.7241,0.6882,0.204633983,0.3118,0.142857143,2,0.87043041
120193,4/1/2025,3/31/2026,0.8747,0.3243,0.3135,33847.99,16532.83,4127.02,33333.15,12,9,12,2,0,37,28,12,0,0.4884,0.75,0.6865,0.6608,0.221928067,0.3392,0.710963455,8,0.949741721
120194,4/1/2025,3/31/2026,0.8608,0.3415,0.5035,43066.09,2634.38,5011.04,43066.09,14,10,14,4,0,41,33,14,0,0.0612,0.7143,0.4965,0.6676,0.216356976,0.3324,0.860465116,9,0.9716739
120195,4/1/2025,3/31/2026,0.8214,0.3478,0.3147,16012.95,6556.14,1844.86,16012.95,8,5,8,3,0,23,16,8,0,0.4094,0.625,0.6853,0.6692,0.215210502,0.3308,0.199335548,2,0.881586778
120196,4/1/2025,3/31/2026,0.7176,0.3243,0.3735,28010.13,7110.7,1464.71,15760.1,12,5,12,2,0,37,30,12,0,0.2539,0.4167,0.6265,0.7314,0.152292153,0.2686,0.571428571,6,0.932503106
120197,4/1/2025,3/31/2026,0.7208,0.3256,0.5702,50128.4,2409.02,2367.9,19951.88,14,6,14,5,0,43,39,14,0,0.0481,0.4286,0.4298,0.7378,0.147236696,0.2622,0.926910299,10,0.985501467
120198,4/1/2025,3/31/2026,0.8174,0.381,0.446,22503.73,0,1926.61,17708.76,8,5,8,2,0,21,19,8,0,0,0.625,0.554,0.7104,0.185612918,0.2896,0.388704319,4,0.912571873
120199,4/1/2025,3/31/2026,0.5828,0.3448,0.4442,22233.57,0,2801.31,21435.02,10,2,10,6,0,29,21,10,0,0,0.2,0.5558,0.6549,0.225994611,0.3451,0.38538206,4,0.911472102
120200,4/1/2025,3/31/2026,0.7289,0.3462,0.3778,20197.41,3305.67,2507.89,19426.13,9,4,9,4,0,26,17,9,0,0.1637,0.4444,0.6222,0.6576,0.224168891,0.3424,0.312292359,4,0.902726147
120201,4/1/2025,3/31/2026,0.7557,0.32,0.3988,15560.05,0,1029.36,8160.19,8,4,8,2,0,25,23,8,0,0,0.5,0.6012,0.7222,0.166154029,0.2778,0.189368771,2,0.878974292
120202,4/1/2025,3/31/2026,0.8096,0.3226,0.3465,16548.58,3587.1,2061.19,15965.47,10,6,10,3,0,31,24,10,0,0.2168,0.6,0.6535,0.6563,0.224553889,0.3437,0.215946844,3,0.88458275
120203,4/1/2025,3/31/2026,0.927,0.2812,0.5819,59838.17,1390.02,7214.01,59838.17,9,8,9,1,0,32,21,9,0,0.0232,0.8889,0.4181,0.6626,0.220558667,0.3374,0.96013289,10,1
120204,4/1/2025,3/31/2026,0.8727,0.3191,0.2223,48701.92,90410.33,5419.82,47842.11,15,11,15,2,0,47,34,15,0,1,0.7333,0.7777,0.6774,0.211285551,0.3226,0.913621262,10,0.98287264
120205,4/1/2025,3/31/2026,0.7666,0.3429,0.5399,43832.76,0,4945.39,42508.6,12,6,12,4,0,35,23,12,0,0,0.5,0.4601,0.6744,0.212824061,0.3256,0.870431894,9,0.973280697
120206,4/1/2025,3/31/2026,0.6556,0.3889,0.3657,10806.15,0,1159.48,10806.15,7,2,7,5,0,18,12,7,0,0,0.2857,0.6343,0.6836,0.207298159,0.3164,0.07641196,1,0.845776605
120207,4/1/2025,3/31/2026,0.7602,0.4,0.4516,33845.59,3477.99,3337.88,33845.59,6,3,6,3,0,15,13,6,0,0.1028,0.5,0.5484,0.6963,0.198620825,0.3037,0.707641196,8,0.949735264
120208,4/1/2025,3/31/2026,0.8689,0.3056,0.5007,33410.93,0,3665.66,29053.55,11,8,11,2,0,36,22,11,0,0,0.7273,0.4993,0.6811,0.209714396,0.3189,0.700996678,8,0.948558272
120209,4/1/2025,3/31/2026,0.6347,0.2857,0.2811,13749.73,9727.72,1503.69,13376.01,8,2,8,5,0,28,22,8,0,0.7075,0.25,0.7189,0.6819,0.20936142,0.3181,0.129568106,2,0.867711879
120210,4/1/2025,3/31/2026,0.8425,0.3429,0.437,29408.35,2899.47,2338.32,21050.91,12,8,12,2,0,35,28,12,0,0.0986,0.6667,0.563,0.7159,0.179512111,0.2841,0.624584718,7,0.936938781
120211,4/1/2025,3/31/2026,0.7816,0.375,0.2136,20610,70625.89,2022.45,16457.17,9,5,9,2,0,24,22,9,0,1,0.5556,0.7864,0.6974,0.198129549,0.3026,0.325581395,4,0.904567506
120212,4/1/2025,3/31/2026,0.707,0.3333,0.3047,30644.49,15657.13,3324.14,29298.35,15,6,15,6,0,45,26,15,0,0.5109,0.4,0.6953,0.6826,0.208474313,0.3174,0.644518272,7,0.940688046
120213,4/1/2025,3/31/2026,0.7504,0.3571,0.4818,40782.64,3699.09,3769.5,39805.51,10,5,10,3,0,28,23,10,0,0.0907,0.5,0.5182,0.7054,0.192429034,0.2946,0.813953488,9,0.966713037
120214,4/1/2025,3/31/2026,0.8625,0.3684,0.3073,9968.52,3746.88,1211.2,9653.62,7,5,7,1,0,19,16,7,0,0.3759,0.7143,0.6927,0.6611,0.22150249,0.3389,0.056478405,1,0.838430166
120215,4/1/2025,3/31/2026,0.6522,0.3056,0.3854,26095.83,5440.27,2616.77,20879.38,11,3,11,7,0,36,31,11,0,0.2085,0.2727,0.6146,0.6937,0.200275408,0.3063,0.518272425,6,0.926057031
120216,4/1/2025,3/31/2026,0.8679,0.3438,0.4624,25747.22,0,2469.49,25220,11,8,11,2,0,32,26,11,0,0,0.7273,0.5376,0.7017,0.195912879,0.2983,0.495016611,5,0.924832403
120217,4/1/2025,3/31/2026,0.9371,0.3333,0.3416,18889.66,4979.84,3036.94,18889.66,7,7,7,0,0,21,16,7,,0.2636,1,0.6584,0.6107,0.260772613,0.3893,0.285714286,3,0.896630825
120218,4/1/2025,3/31/2026,0.8255,0.3333,0.5377,45101.24,320.52,5003.07,40352.77,11,7,11,1,0,33,26,11,0,0.0071,0.6364,0.4623,0.6781,0.210929766,0.3219,0.893687708,9,0.975878466
120219,4/1/2025,3/31/2026,0.8557,0.3333,0.4396,26537.94,1765.88,2658.72,26537.94,10,7,10,3,0,30,22,10,0,0.0665,0.7,0.5604,0.694,0.200185621,0.306,0.531561462,6,0.927586796
120220,4/1/2025,3/31/2026,0.8142,0.3333,0.4604,49059.54,7725.16,5800.05,48279.02,13,8,13,3,0,39,29,13,0,0.1575,0.6154,0.5396,0.6657,0.218224712,0.3343,0.916943522,10,0.983538852
120221,4/1/2025,3/31/2026,0.7017,0.3448,0.2555,18540.29,23788.73,1909.81,17696.39,10,4,10,4,0,29,24,10,0,1,0.4,0.7445,0.6897,0.203008637,0.3103,0.275747508,3,0.894930935
120222,4/1/2025,3/31/2026,0.7823,0.3103,0.5296,42094.52,0,4818.54,40578.23,9,5,9,3,0,29,21,9,0,0,0.5556,0.4704,0.67,0.214469532,0.33,0.833887043,9,0.969596074
120223,4/1/2025,3/31/2026,0.8517,0.3448,0.14,36002.33,95388.9,4131.64,36002.33,10,7,10,3,0,29,24,10,0,1,0.7,0.86,0.6698,0.21476035,0.3302,0.740863787,8,0.955360428
120224,4/1/2025,3/31/2026,0.7921,0.3256,0.3727,31519.57,8723.48,3035.05,23644.87,14,8,14,2,0,43,32,14,0,0.2768,0.5714,0.6273,0.7011,0.196290971,0.2989,0.671096346,7,0.94325187
120225,4/1/2025,3/31/2026,0.8366,0.2857,0.3406,8575.12,0,1047.42,8065.6,6,4,6,1,0,21,16,6,0,0,0.6667,0.6594,0.6602,0.222146396,0.3398,0.023255814,1,0.824720768
120226,4/1/2025,3/31/2026,0.7862,0.3333,0.4889,30119.32,0,3315.48,29619.59,9,5,9,3,0,27,17,9,0,0,0.5556,0.5111,0.6801,0.210078182,0.3199,0.637873754,7,0.939114003
120227,4/1/2025,3/31/2026,0.9167,0.2917,0.5049,33682.25,0,4496.05,33682.25,7,6,7,1,0,24,18,7,0,0,0.8571,0.4951,0.6446,0.233484254,0.3554,0.704318937,8,0.949294747
120228,4/1/2025,3/31/2026,0.8155,0.3095,0.6029,50809.87,0,5436.8,41884.31,13,8,13,3,0,42,28,13,0,0,0.6154,0.3971,0.6839,0.207002832,0.3161,0.930232558,10,0.986731039
120229,4/1/2025,3/31/2026,0.7269,0.2903,0.2937,23799.79,13637.18,1233.37,11260.83,9,4,9,4,0,31,24,9,0,0.573,0.4444,0.7063,0.7337,0.151822726,0.2663,0.438538206,5,0.917670708
120230,4/1/2025,3/31/2026,0.7763,0.3143,0.4104,20944.89,1303.97,2317.74,20714.31,11,6,11,4,0,35,27,11,0,0.0623,0.5455,0.5896,0.6789,0.210658972,0.3211,0.34551495,4,0.906035194
120231,4/1/2025,3/31/2026,0.8374,0.2903,0.4717,27292.21,0,3074.44,27292.21,9,6,9,2,1,31,22,9,0.5,0,0.6667,0.5283,0.6751,0.212648994,0.3249,0.551495017,6,0.930138785
120232,4/1/2025,3/31/2026,0.8599,0.2917,0.3812,12755.83,0,1455.56,12755.83,7,5,7,2,0,24,18,7,0,0,0.7143,0.6188,0.6708,0.214109392,0.3292,0.11627907,2,0.860879975
120233,4/1/2025,3/31/2026,0.867,0.3043,0.2723,11721.9,11374.52,1553.68,11484.16,7,5,7,1,0,23,15,7,0,0.9704,0.7143,0.7277,0.6461,0.232545065,0.3539,0.102990033,2,0.853183212
120234,4/1/2025,3/31/2026,0.8359,0.2903,0.5156,36502.31,0,3650.2,29935.32,9,6,9,2,0,31,20,9,0,0,0.6667,0.4844,0.6943,0.199999151,0.3057,0.754152824,8,0.956616304
120235,4/1/2025,3/31/2026,0.7249,0.3043,0.3954,15263.85,0,1768.46,15263.85,7,3,7,4,0,23,16,7,0,0,0.4286,0.6046,0.6679,0.215859367,0.3321,0.176079734,2,0.877224253
120236,4/1/2025,3/31/2026,0.7803,0.2812,0.3325,18866.19,5605.79,2556.38,18866.19,9,5,9,4,0,32,21,9,0,0.2971,0.5556,0.6675,0.642,0.235500597,0.358,0.282392027,3,0.896517619
120237,4/1/2025,3/31/2026,0.7722,0.3333,0.2922,14261.58,8221.7,1674.42,14095.98,6,3,6,2,0,18,14,6,0,0.5765,0.5,0.7078,0.6665,0.217407749,0.3335,0.146179402,2,0.871039944
120238,4/1/2025,3/31/2026,0.7165,0.3333,0.3622,41025.64,13972.61,4827.66,40455.54,12,5,12,6,0,36,28,12,0,0.3406,0.4167,0.6378,0.6663,0.217674215,0.3337,0.820598007,9,0.967253997
120239,4/1/2025,3/31/2026,0.8566,0.3333,0.4163,18317.8,0,2197.59,18317.8,10,7,10,3,0,30,24,10,0,0,0.7,0.5837,0.664,0.219970193,0.336,0.262458472,3,0.893831613
120240,4/1/2025,3/31/2026,0.94,0.3684,0.3171,28643.63,13009.36,2761.5,28643.63,7,7,7,0,0,19,15,7,,0.4542,1,0.6829,0.7004,0.19640887,0.2996,0.611295681,7,0.934539612
120241,4/1/2025,3/31/2026,0.8533,0.2941,0.3761,26818.54,6267.28,3249.25,26405.3,10,7,10,2,0,34,20,10,0,0.2337,0.7,0.6239,0.662,0.221156856,0.338,0.53820598,6,0.928544549
120242,4/1/2025,3/31/2026,0.8617,0.3182,0.377,42388.03,12948.98,2672.87,22014.55,7,5,7,0,0,22,18,7,,0.3055,0.7143,0.623,0.7236,0.163057189,0.2764,0.840531561,9,0.970228796
120243,4/1/2025,3/31/2026,0.8282,0.3548,0.2664,38614.19,32180.98,4128.8,29972.48,11,7,11,2,0,31,25,11,0,0.8334,0.6364,0.7336,0.6841,0.206924423,0.3159,0.787375415,8,0.961737861
120244,4/1/2025,3/31/2026,0.7095,0.3333,0.2704,19309.35,17128.77,1821.46,19309.35,5,2,5,3,0,15,9,5,0,0.8871,0.4,0.7296,0.7034,0.194330467,0.2966,0.295681063,3,0.898631776
120245,4/1/2025,3/31/2026,0.844,0.375,0.3194,15566.9,5723.97,2360.73,15566.9,3,2,3,1,0,8,6,3,0,0.3677,0.6667,0.6806,0.6237,0.251650618,0.3763,0.19269103,2,0.879014369
120246,4/1/2025,3/31/2026,0.7003,0.3333,0.5422,47817.23,693.56,4709.56,39612.54,15,6,15,6,1,45,34,15,0.1667,0.0145,0.4,0.4578,0.6965,0.198490858,0.3035,0.910299003,10,0.981203295
120247,4/1/2025,3/31/2026,0.7624,0.3846,0.3283,18975.93,6367.67,2146.89,18157.45,10,5,10,3,0,26,18,10,0,0.3356,0.5,0.6717,0.6734,0.213137538,0.3266,0.289036545,3,0.897045739
120248,4/1/2025,3/31/2026,0.9065,0.3667,0.4273,25415.58,1887,2815.81,25415.58,11,9,11,2,0,30,23,11,0,0.0742,0.8182,0.5727,0.6786,0.210790704,0.3214,0.481727575,5,0.923651901
120249,4/1/2025,3/31/2026,0.8912,0.3462,0.4299,20633.42,0,2567.99,20633.42,9,7,9,2,0,26,21,9,0,0,0.7778,0.5701,0.6566,0.224457797,0.3434,0.328903654,4,0.904670919
120250,4/1/2025,3/31/2026,0.6825,0.3235,0.3879,14263.62,0,1350.09,13535.5,11,4,11,5,0,34,23,11,0,0,0.3636,0.6121,0.703,0.19465269,0.297,0.149501661,2,0.871052968
120251,4/1/2025,3/31/2026,0.738,0.3333,0.3335,7647.87,0,847.81,7647.87,4,2,4,2,0,12,8,4,0,0,0.5,0.6665,0.6784,0.210855702,0.3216,0.008305648,1,0.814301168
120252,4/1/2025,3/31/2026,0.7371,0.3725,0.4012,37523.84,8708.27,4008.35,37040.13,19,9,19,8,0,51,39,19,0,0.2321,0.4737,0.5988,0.6846,0.206821423,0.3154,0.76744186,8,0.959129619
120253,4/1/2025,3/31/2026,0.8865,0.3462,0.4634,25852.37,0,3992.68,25852.37,9,7,9,2,0,26,21,9,0,0,0.7778,0.5366,0.6164,0.254441546,0.3836,0.50166113,6,0.925203521
120254,4/1/2025,3/31/2026,0.8289,0.3056,0.4914,31037.37,0,4313.84,30281.18,11,7,11,2,0,36,27,11,0,0,0.6364,0.5086,0.6378,0.238988581,0.3622,0.661129568,7,0.94184805
120255,4/1/2025,3/31/2026,0.8447,0.3061,0.5277,41682.05,0,5256.3,40865.57,15,10,15,4,0,49,37,15,0,0,0.6667,0.4723,0.6546,0.226104642,0.3454,0.827242525,9,0.968699414
120256,4/1/2025,3/31/2026,0.8767,0.381,0.5078,34478.84,0,3572.72,34478.84,8,6,8,2,0,21,15,8,0,0,0.75,0.4922,0.6892,0.203620655,0.3108,0.724252492,8,0.951423232
120257,4/1/2025,3/31/2026,0.7843,0.3333,0.2262,9944.6,95388.9,971.53,8866.63,9,5,9,1,0,27,21,9,0,1,0.5556,0.7738,0.698,0.197694226,0.302,0.053156146,1,0.838211418
120258,4/1/2025,3/31/2026,0.6131,0.3462,0.3567,9697.59,0,780.77,9039.35,9,2,9,5,0,26,17,9,0,0,0.2222,0.6433,0.713,0.180511756,0.287,0.046511628,1,0.835921244
120259,4/1/2025,3/31/2026,0.9227,0.3478,0.3904,14661.67,0,1967.38,14661.67,8,7,8,1,0,23,16,8,0,0,0.875,0.6096,0.6431,0.23418526,0.3569,0.162790698,2,0.873559207
120260,4/1/2025,3/31/2026,0.8798,0.2963,0.3455,36207.68,12994.66,4279.28,36207.68,16,12,16,4,0,54,41,16,0,0.3589,0.75,0.6545,0.666,0.218187081,0.334,0.744186047,8,0.955878334
120261,4/1/2025,3/31/2026,0.8661,0.2917,0.4171,28012.69,3627.93,3499,28012.69,7,5,7,2,0,24,19,7,0,0.1295,0.7143,0.5829,0.656,0.224907676,0.344,0.574750831,6,0.932511428
120262,4/1/2025,3/31/2026,0.8345,0.3636,0.4594,25052.85,0,3348.68,24438.08,12,8,12,3,0,33,25,12,0,0,0.6667,0.5406,0.6441,0.233664633,0.3559,0.475083056,5,0.922342963
120263,4/1/2025,3/31/2026,0.7979,0.3077,0.382,24406.37,4963.95,3176.9,23796.89,12,7,12,2,1,39,27,12,0.5,0.2034,0.5833,0.618,0.6492,0.230166838,0.3508,0.458471761,5,0.919962397
120264,4/1/2025,3/31/2026,0.7423,0.2857,0.3683,22776.01,5181.92,2594.55,22776.01,8,4,8,4,0,28,15,8,0,0.2275,0.5,0.6317,0.6713,0.213915914,0.3287,0.408637874,5,0.913666996
120265,4/1/2025,3/31/2026,0.7414,0.3846,0.3304,32634.84,13189.88,4352.93,32356.56,10,5,10,4,0,26,15,10,0,0.4042,0.5,0.6696,0.6451,0.233382912,0.3549,0.684385382,7,0.946418147
120266,4/1/2025,3/31/2026,0.6989,0.3448,0.3021,24665.65,12618.01,3224.58,23198.28,10,4,10,3,1,29,19,10,0.3333,0.5116,0.4,0.6979,0.6483,0.230731604,0.3517,0.465116279,5,0.920924644
120267,4/1/2025,3/31/2026,0.7742,0.3191,0.5469,59018.66,12950.94,3778.78,33598.08,15,8,15,5,0,47,32,15,0,0.2194,0.5333,0.4531,0.7229,0.164026869,0.2771,0.953488372,10,1
120268,4/1/2025,3/31/2026,0.7829,0.3462,0.4046,16788.69,0,1853.48,15965.97,9,5,9,2,0,26,23,9,0,0,0.5556,0.5954,0.6794,0.210400514,0.3206,0.219269103,3,0.885894427
120269,4/1/2025,3/31/2026,0.9097,0.2973,0.248,20776.25,27768.52,2153.86,17460.2,11,9,11,0,0,37,32,11,,1,0.8182,0.752,0.6889,0.203669334,0.3111,0.338870432,4,0.905299069
120270,4/1/2025,3/31/2026,0.7154,0.34,0.4096,49401.66,12262.1,3943.55,40889.13,17,7,17,7,0,50,41,17,0,0.2482,0.4118,0.5904,0.7149,0.179826265,0.2851,0.920265781,10,0.984171659
120271,4/1/2025,3/31/2026,0.7488,0.3158,0.5575,53668.18,7768.03,2783.22,27889.32,12,6,12,4,0,38,28,12,0,0.1447,0.5,0.4425,0.7325,0.15185978,0.2675,0.936877076,10,0.991714712
120272,4/1/2025,3/31/2026,0.8925,0.3333,0.4451,28041.41,1929.04,3902.79,24555.54,9,7,9,0,1,27,21,9,,0.0688,0.7778,0.5549,0.6371,0.239179521,0.3629,0.57807309,6,0.932604737
120273,4/1/2025,3/31/2026,0.8228,0.2963,0.4029,19595.58,1320.39,2468.24,19595.58,8,5,8,2,1,27,22,8,0.5,0.0674,0.625,0.5971,0.6553,0.225959017,0.3447,0.302325581,4,0.899971641
120274,4/1/2025,3/31/2026,0.8876,0.375,0.3512,11437.53,971.38,1213.31,11216.87,9,7,9,1,0,24,16,9,0,0.0849,0.7778,0.6488,0.6861,0.20608147,0.3139,0.086378738,1,0.850947039
120275,4/1/2025,3/31/2026,0.7659,0.3556,0.4423,37076.22,5302.82,3622.09,36906.16,16,8,16,7,0,45,35,16,0,0.143,0.5,0.5577,0.6983,0.197693077,0.3017,0.760797342,8,0.958036849
120276,4/1/2025,3/31/2026,0.7119,0.2857,0.4137,44387.11,10064.5,4166.91,43491.2,10,4,10,4,0,35,27,10,0,0.2267,0.4,0.5863,0.704,0.193876578,0.296,0.88372093,9,0.974425099
120277,4/1/2025,3/31/2026,0.6288,0.2963,0.418,18454.66,0,1153.54,10123.83,8,2,8,4,0,27,23,8,0,0,0.25,0.582,0.7251,0.162506706,0.2749,0.265780731,3,0.894509407
120278,4/1/2025,3/31/2026,0.8352,0.4,0.4405,22701.92,398.27,1988.3,22701.92,6,4,6,2,0,15,10,6,0,0.0175,0.6667,0.5595,0.7092,0.1875829,0.2908,0.398671096,4,0.913370305
120279,4/1/2025,3/31/2026,0.8296,0.3333,0.4841,31976.77,977.16,4336.94,31701.41,11,7,11,3,0,33,24,11,0,0.0306,0.6364,0.5159,0.6415,0.235627832,0.3585,0.677740864,7,0.944563214
120280,4/1/2025,3/31/2026,0.9081,0.3235,0.3086,25672.71,12525.72,2741.11,25078.24,11,9,11,1,0,34,27,11,0,0.4879,0.8182,0.6914,0.6851,0.206771354,0.3149,0.491694352,5,0.924568508
120281,4/1/2025,3/31/2026,0.9318,0.2941,0.4479,22652.99,0,3466.46,22652.99,5,5,5,0,0,17,16,5,,0,1,0.5521,0.6205,0.253024391,0.3795,0.395348837,4,0.913173834
120282,4/1/2025,3/31/2026,0.6913,0.32,0.4079,17210.48,0,1620.84,16657.87,8,3,8,4,0,25,20,8,0,0,0.375,0.5921,0.7037,0.194177501,0.2963,0.239202658,3,0.88815381
120283,4/1/2025,3/31/2026,0.7849,0.3214,0.641,56509.64,0,2359.7,21485.39,9,5,9,1,0,28,19,9,0,0,0.5556,0.359,0.7462,0.141757477,0.2538,0.943521595,10,0.996412582
120284,4/1/2025,3/31/2026,0.7708,0.3704,0.3493,16345.07,3444.22,1726.83,13345.07,10,5,10,4,0,27,22,10,0,0.2107,0.5,0.6507,0.6871,0.20564837,0.3129,0.205980066,3,0.883456025
120285,4/1/2025,3/31/2026,0.8201,0.32,0.3888,14411.79,0,1790.46,14411.79,8,5,8,3,0,25,18,8,0,0,0.625,0.6112,0.657,0.224235782,0.343,0.15282392,2,0.871993968
120286,4/1/2025,3/31/2026,0.9034,0.3235,0.628,71668.86,0,6647.25,54342.14,11,9,11,0,0,34,27,11,,0,0.8182,0.372,0.7047,0.192749487,0.2953,0.983388704,10,1
120287,4/1/2025,3/31/2026,0.7609,0.3158,0.4291,20557.3,0,1577.4,12552.26,6,3,6,2,0,19,18,6,0,0,0.5,0.5709,0.7191,0.176731867,0.2809,0.322259136,4,0.904334374
120288,4/1/2025,3/31/2026,0.794,0.35,0.3701,11502.29,0,1299.9,11296.34,7,4,7,2,0,20,18,7,0,0,0.5714,0.6299,0.6739,0.213012278,0.3261,0.093023256,1,0.851461136
120289,4/1/2025,3/31/2026,0.805,0.3448,0.5635,58780.34,5465.76,7373.18,58780.34,10,6,10,4,0,29,25,10,0,0.093,0.6,0.4365,0.6556,0.225436158,0.3444,0.950166113,10,1
120290,4/1/2025,3/31/2026,0.8478,0.3714,0.4783,32918.21,1432.53,3230.88,32918.21,13,9,13,4,0,35,28,13,0,0.0435,0.6923,0.5217,0.6971,0.198148715,0.3029,0.6910299,7,0.947205403
120291,4/1/2025,3/31/2026,0.8235,0.3276,0.2741,44278.01,35011.51,6098.1,43115.52,19,12,19,5,0,58,47,19,0,0.7907,0.6316,0.7259,0.6403,0.237722992,0.3597,0.880398671,9,0.974201006
120292,4/1/2025,3/31/2026,0.7869,0.3333,0.1901,13945.83,41010.58,1586.39,13945.83,9,5,9,4,0,27,20,9,0,1,0.5556,0.8099,0.6724,0.213753717,0.3276,0.136212625,2,0.869001341
120293,4/1/2025,3/31/2026,0.7796,0.3103,0.4877,29740.58,0,4322.22,29201.39,9,5,9,2,0,29,23,9,0,0,0.5556,0.5123,0.6341,0.245330723,0.3659,0.631229236,7,0.937961713
120294,4/1/2025,3/31/2026,0.8634,0.3889,0.2684,13754.13,13016.57,1564.76,13754.13,7,5,7,2,0,18,14,7,0,0.9464,0.7143,0.7316,0.6721,0.213766556,0.3279,0.132890365,2,0.867741013
120295,4/1/2025,3/31/2026,0.89,0.3214,0.4685,27010.18,0,2150.94,22095.63,9,7,9,1,0,28,19,9,0,0,0.7778,0.5315,0.7154,0.179634419,0.2846,0.541528239,6,0.929192919
120296,4/1/2025,3/31/2026,0.7836,0.375,0.3426,29235.57,9955.17,3115.45,28661.22,9,5,9,3,0,24,17,9,0,0.3405,0.5556,0.6574,0.6854,0.206563683,0.3146,0.617940199,7,0.936402216
120297,4/1/2025,3/31/2026,0.8338,0.36,0.5445,45241.16,0,2119.43,18213.26,9,6,9,2,0,25,17,9,0,0,0.6667,0.4555,0.7395,0.146847384,0.2605,0.897009967,9,0.976160528
120298,4/1/2025,3/31/2026,0.8331,0.3889,0.3228,25541.31,10174.38,3259.05,25356.71,14,9,14,4,0,36,26,14,0,0.3983,0.6429,0.6772,0.6528,0.227599172,0.3472,0.485049834,5,0.924101251
120299,4/1/2025,3/31/2026,0.7259,0.3333,0.5241,37746.12,0,3886.17,33432.7,16,7,16,7,0,48,38,16,0,0,0.4375,0.4759,0.6902,0.202955483,0.3098,0.777408638,8,0.959667435
ALL,4/1/2025,3/31/2026,0.7947,0.3299,0.1,76712.69,95388.9,8516.95,65948.89,3000,1739,3000,884,23,9093,6921,3000,0.026,0.3034,0.5797,0.9,0.6776,0.211024004,0.3224,0.995016611,10,1
